"","Wlambda1.unity","Wlambda2.unity","Wlambda3.unity","Wnu1.unity","Wnu2.unity","Wgamma1.unity","Wgamma2.unity","Wgamma3.unity","Weta1.unity","Weta2.unity","Weta3.unity","WT.unity","WA.unity","WV.unity","WK.unity","WG.unity","WD.unity","BCUTw.1l","BCUTw.1h","BCUTc.1l","BCUTc.1h","BCUTp.1l","BCUTp.1h","XLogP","MW","LipinskiFailures","nRotB","MLogP","nAtomLAC","nAtomP","nAtomLC","nB","nBase","nAtom","nAromBond","naAromAtom","ALogP","ALogp2","AMR","nAcid","nSmallRings","nAromRings","nRingBlocks","nAromBlocks","nRings3","nRings4","nRings5","nRings6","nRings7","nRings8","nRings9","tpsaEfficiency","Zagreb","WPATH","WPOL","WTPT.1","WTPT.2","WTPT.3","WTPT.4","WTPT.5","VAdjMat","VABC","TopoPSA","topoShape","geomShape","PetitjeanNumber","MDEC.11","MDEC.12","MDEC.13","MDEC.14","MDEC.22","MDEC.23","MDEC.24","MDEC.33","MDEC.34","MDEC.44","MDEO.11","MDEO.12","MDEO.22","MDEN.11","MDEN.12","MDEN.13","MDEN.22","MDEN.23","MDEN.33","khs.sLi","khs.ssBe","khs.ssssBe","khs.ssBH","khs.sssB","khs.ssssB","khs.sCH3","khs.dCH2","khs.ssCH2","khs.tCH","khs.dsCH","khs.aaCH","khs.sssCH","khs.ddC","khs.tsC","khs.dssC","khs.aasC","khs.aaaC","khs.ssssC","khs.sNH3","khs.sNH2","khs.ssNH2","khs.dNH","khs.ssNH","khs.aaNH","khs.tN","khs.sssNH","khs.dsN","khs.aaN","khs.sssN","khs.ddsN","khs.aasN","khs.ssssN","khs.sOH","khs.dO","khs.ssO","khs.aaO","khs.sF","khs.sSiH3","khs.ssSiH2","khs.sssSiH","khs.ssssSi","khs.sPH2","khs.ssPH","khs.sssP","khs.dsssP","khs.sssssP","khs.sSH","khs.dS","khs.ssS","khs.aaS","khs.dssS","khs.ddssS","khs.sCl","khs.sGeH3","khs.ssGeH2","khs.sssGeH","khs.ssssGe","khs.sAsH2","khs.ssAsH","khs.sssAs","khs.sssdAs","khs.sssssAs","khs.sSeH","khs.dSe","khs.ssSe","khs.aaSe","khs.dssSe","khs.ddssSe","khs.sBr","khs.sSnH3","khs.ssSnH2","khs.sssSnH","khs.ssssSn","khs.sI","khs.sPbH3","khs.ssPbH2","khs.sssPbH","khs.ssssPb","Kier1","Kier2","Kier3","HybRatio","fragC","FMF","ECCEN","SP.0","SP.1","SP.2","SP.3","SP.4","SP.5","SP.6","SP.7","VP.0","VP.1","VP.2","VP.3","VP.4","VP.5","VP.6","VP.7","SPC.4","SPC.5","SPC.6","VPC.4","VPC.5","VPC.6","SC.3","SC.4","SC.5","SC.6","VC.3","VC.4","VC.5","VC.6","SCH.3","SCH.4","SCH.5","SCH.6","SCH.7","VCH.3","VCH.4","VCH.5","VCH.6","VCH.7","C1SP1","C2SP1","C1SP2","C2SP2","C3SP2","C1SP3","C2SP3","C3SP3","C4SP3","ATSp1","ATSp2","ATSp3","ATSp4","ATSp5","ATSm1","ATSm2","ATSm3","ATSm4","ATSm5","ATSc1","ATSc2","ATSc3","ATSc4","ATSc5","nHBDon","nHBAcc","PPSA.1","PPSA.2","PPSA.3","PNSA.1","PNSA.2","PNSA.3","DPSA.1","DPSA.2","DPSA.3","FPSA.1","FPSA.2","FPSA.3","FNSA.1","FNSA.2","FNSA.3","WPSA.1","WPSA.2","WPSA.3","WNSA.1","WNSA.2","WNSA.3","RPCG","RNCG","RPCS","RNCS","THSA","TPSA","RHSA","RPSA","bpol","apol","MOMI.X","MOMI.Y","MOMI.Z","MOMI.XY","MOMI.XZ","MOMI.YZ","MOMI.R","LOBMAX","LOBMIN","GRAV.1","GRAV.2","GRAV.3","GRAVH.1","GRAVH.2","GRAVH.3","GRAV.4","GRAV.5","GRAV.6","data[i, 1]"
"c1cc(ccc1N)S(=O)(=O)Nc2cncc(n2)Cl",NA,NA,NA,NA,NA,NA,NA,NA,NA,NA,NA,NA,NA,NA,NA,NA,NA,11.9985317273102,34.9693805006252,-0.302531842304655,0.246308186533333,5.72650001844664,11.4887743291494,0.833,284.01347428,0,3,1.68,0,17,11,19,0,27,12,12,0.5539,0.30680521,68.5309,0,2,2,2,2,0,0,0,2,0,0,0,0.374454065144645,92,627,25,35.8757743920078,1.99309857733377,22.534962783466,4.97459116252473,11.5645945397614,5.24792751344359,214.472221414889,106.35,1,NA,0.5,0,0,0,0,4.19013345186868,8.20555963405015,0,1.48674775909844,0,0,0.5,0,0,0,0.39685026299205,0,1.14471424255333,0,0,0,0,0,0,0,0,0,0,0,0,0,6,0,0,0,0,4,0,0,0,1,0,0,1,0,0,0,0,2,0,0,0,0,0,2,0,0,0,0,0,0,0,0,0,0,0,0,0,0,0,0,0,1,1,0,0,0,0,0,0,0,0,0,0,0,0,0,0,0,0,0,0,0,0,0,0,0,0,0,14.409972299169,5.96982167352538,3.99583766909469,0,478.08,0.777777777777778,287,13.1733621074374,8.47116367774211,8.2873040592859,5.98079970997446,4.69735890972594,3.41958341995735,2.41014252841194,1.03546015847828,9.99825913664481,5.57962854736449,4.20863358172167,2.55860151759543,1.62833659064018,1.00223742921636,0.544366950938758,0.221642949021372,3.16357619019724,4.51897754196172,5.382500050057,0.893569931593525,1.00793076431397,0.992361054409255,1.97628879737091,0.204124145231932,0.348461712529338,0.102062072615966,0.636078413530686,0.0254995858900877,0.0586403733153841,0.00849986196336256,0,0,0,0.166666666666667,0.267258898432212,0,0,0,0.0444444444444444,0.0602687883880094,0,0,4,6,0,0,0,0,0,1313.90626497418,1498.43120923109,2058.53390792645,1897.16980892516,1541.60214237326,34.8295622224866,30.8449016174004,40.6384397943616,40.060305245975,34.7774826330022,0.395713785019293,-0.219695971233129,-0.00613260195219306,0.03477974206832,-0.00479412588132706,2,6,NA,NA,NA,NA,NA,NA,NA,NA,NA,NA,NA,NA,NA,NA,NA,NA,NA,NA,NA,NA,NA,NA,NA,NA,NA,NA,NA,NA,NA,19.374863,34.685137,NA,NA,NA,NA,NA,NA,NA,NA,NA,NA,NA,NA,NA,NA,NA,NA,NA,NA,"QKLPUVXBJHRFQZ-UHFFFAOYSA-N"
"c1cc(ccc1N)S(=O)(=O)Nc2ccc(nn2)Cl",NA,NA,NA,NA,NA,NA,NA,NA,NA,NA,NA,NA,NA,NA,NA,NA,NA,11.9985317273102,34.9693805006252,-0.302514546256867,0.246316950057663,5.72458615978049,11.4582113921054,1.255,284.01347428,0,3,1.68,0,17,12,19,0,27,12,12,1.2371,1.53041641,70.5511,0,2,2,2,2,0,0,0,2,0,0,0,0.374454065144645,92,638,25,35.8761727820754,1.9931207101153,22.5324541712437,4.97492580251493,11.565550340142,5.24792751344359,214.472221414889,106.35,0.833333333333333,NA,0.454545454545455,0,0,0,0,4.55989686165505,8.39076368578128,0,1.32180215216673,0,0,0.5,0,0,0,0.39685026299205,0,1.65096362444731,0,0,0,0,0,0,0,0,0,0,0,0,0,6,0,0,0,0,4,0,0,0,1,0,0,1,0,0,0,0,2,0,0,0,0,0,2,0,0,0,0,0,0,0,0,0,0,0,0,0,0,0,0,0,1,1,0,0,0,0,0,0,0,0,0,0,0,0,0,0,0,0,0,0,0,0,0,0,0,0,0,14.409972299169,5.96982167352538,3.99583766909469,0,478.08,0.777777777777778,310,13.1733621074374,8.47116367774211,8.27539867748673,6.07123006273902,4.48547706667699,3.60697964970138,2.21104067487226,1.22949575220713,9.99825913664481,5.5965641012035,4.22289342793286,2.60493074677006,1.5634354874028,1.04765702844404,0.520665185322205,0.248831337391128,3.22752010586215,4.29651850011603,5.41310512106103,0.909885790001838,0.937793887524664,0.975885431467687,1.97628879737091,0.204124145231932,0.348461712529338,0.102062072615966,0.636078413530686,0.0254995858900877,0.0586403733153841,0.00849986196336256,0,0,0,0.166666666666667,0.267258898432212,0,0,0,0.0444444444444444,0.0602687883880094,0,0,2,8,0,0,0,0,0,1302.30736113173,1482.53895309215,2035.55149058598,1865.53495507346,1472.03802884183,34.8295622224866,30.872518052316,40.6384397943616,40.0326888110594,31.335181042397,0.297458163888477,-0.142552149694422,0.0443658244779031,-0.040909899910401,-0.0235872523183029,2,6,NA,NA,NA,NA,NA,NA,NA,NA,NA,NA,NA,NA,NA,NA,NA,NA,NA,NA,NA,NA,NA,NA,NA,NA,NA,NA,NA,NA,NA,18.054863,34.685137,NA,NA,NA,NA,NA,NA,NA,NA,NA,NA,NA,NA,NA,NA,NA,NA,NA,NA,"XOXHILFPRYWFOD-UHFFFAOYSA-N"
"Cc1cc(nc(n1)NS(=O)(=O)c2ccc(cc2)N)C",NA,NA,NA,NA,NA,NA,NA,NA,NA,NA,NA,NA,NA,NA,NA,NA,NA,11.89,31.9720719500242,-0.30252694299182,0.247442948280846,5.72628789594812,11.4853995606254,0.963,278.0837468,0,3,2.01,0,17,11,20,0,33,12,12,1.4118,1.99317924,72.892,0,2,2,2,2,0,0,0,2,0,0,0,0.382438748124635,98,722,27,37.7248266222786,1.98551719064624,20.038481422013,4.97477787715329,11.5889256677065,5.32192809488736,233.853122896189,106.35,1,NA,0.5,0.25,1.73987797348818,2.90183521098708,0,3.12415192076472,7.89936756938058,0,2.60639135844613,0,0,0.5,0,0,0,0.412740906111828,0,1.5,0,0,0,0,0,0,0,0,2,0,0,0,0,5,0,0,0,0,5,0,0,0,1,0,0,1,0,0,0,0,2,0,0,0,0,0,2,0,0,0,0,0,0,0,0,0,0,0,0,0,0,0,0,0,1,0,0,0,0,0,0,0,0,0,0,0,0,0,0,0,0,0,0,0,0,0,0,0,0,0,0,15.39,6.18549346016647,4.23140495867769,0.166666666666667,814.07,0.736842105263158,306,14.0436055954405,8.86501052785946,8.93297663581657,6.21194396373987,5.23253738497615,3.46826531985857,2.79305265143402,1.05802441175508,10.7870154484275,5.94349765385629,4.56866104414154,2.73372488259584,1.83319980841478,1.0357185436046,0.623026834747505,0.236719411214947,3.43296560786566,5.32456400909674,6.08337853662671,0.993064288593979,1.20726517040038,1.13820005942906,2.26496393196573,0.204124145231932,0.348461712529338,0.102062072615966,0.733342569898777,0.0254995858900877,0.0586403733153841,0.00849986196336256,0,0,0,0.15137471507731,0.309195285920423,0,0,0,0.0422115345075184,0.0691216232285663,0,0,0,9,0,2,0,0,0,1372.60504530882,1568.55885608653,2181.29448412563,2038.53981227738,1713.87611005236,28.1166123146378,29.8931309779623,38.7981462336908,37.8884882793892,34.2133892422601,0.34742092368932,-0.224305696236302,0.152023045931542,-0.18324683944952,0.144401667004569,2,6,NA,NA,NA,NA,NA,NA,NA,NA,NA,NA,NA,NA,NA,NA,NA,NA,NA,NA,NA,NA,NA,NA,NA,NA,NA,NA,NA,NA,NA,24.420898,39.359102,NA,NA,NA,NA,NA,NA,NA,NA,NA,NA,NA,NA,NA,NA,NA,NA,NA,NA,"ASWVTGNCAZCNNR-UHFFFAOYSA-N"
"COc1cc(nc(n1)OC)NS(=O)(=O)c2ccc(cc2)N",NA,NA,NA,NA,NA,NA,NA,NA,NA,NA,NA,NA,NA,NA,NA,NA,NA,11.993387072469,31.9720720755103,-0.337178975755226,0.271133192291433,4.79904480458796,11.5067751331342,1.619,310.07357604,0,5,1.79,0,19,12,22,0,35,12,12,1.3123,1.72213129,75.5695,0,2,2,2,2,0,0,0,2,0,0,0,0.402517368922463,106,956,31,41.7714699376028,1.98911761607632,25.756326281718,10.5644453830039,11.7103912277261,5.4594316186373,251.433576297312,124.81,0.833333333333333,NA,0.454545454545455,0.166666666666667,1.37866222287186,2.13771791254983,0,3.53952919598311,8.10964329020783,0,2.60639135844613,0,0,0.5,0.666666666666667,0.25,0,0.383154716196777,0,1.19055078897615,0,0,0,0,0,0,0,0,2,0,0,0,0,5,0,0,0,0,5,0,0,0,1,0,0,1,0,0,0,0,2,0,0,0,0,0,2,2,0,0,0,0,0,0,0,0,0,0,0,0,0,0,0,0,1,0,0,0,0,0,0,0,0,0,0,0,0,0,0,0,0,0,0,0,0,0,0,0,0,0,0,17.3553719008264,7.51300728407908,4.73338203067933,0.166666666666667,876.09,0.666666666666667,369,15.4578191578136,9.94102013278103,9.2711805932681,7.09050212720372,5.4884597026316,4.24952417248788,3.00742002444515,1.6868816554198,11.6035120293552,6.16824252524787,4.37659204728858,2.84518923561697,1.74309606677866,1.14001219032152,0.605367647114591,0.292372720103893,3.64595175245389,5.29679216206379,6.57123048472703,0.945378320242219,1.05218587048768,1.07878216483489,2.09586195323996,0.204124145231932,0.348461712529338,0.102062072615966,0.583222859304266,0.0254995858900877,0.0586403733153841,0.00849986196336256,0,0,0,0.15137471507731,0.269337567297406,0,0,0,0.0422115345075184,0.0520392227888608,0,0,2,7,0,0,0,0,0,1412.69009681453,1619.56390063726,2251.14391036135,2184.59582998003,1891.32234281875,31.6655503857197,33.2214988864926,42.2644607675663,43.2717319209916,39.9004845084592,0.643726286465569,-0.496205535480266,0.429728793115954,-0.46927192680538,0.470961927068741,2,6,NA,NA,NA,NA,NA,NA,NA,NA,NA,NA,NA,NA,NA,NA,NA,NA,NA,NA,NA,NA,NA,NA,NA,NA,NA,NA,NA,NA,NA,28.252898,40.963102,NA,NA,NA,NA,NA,NA,NA,NA,NA,NA,NA,NA,NA,NA,NA,NA,NA,NA,"ZZORFUFYDOWNEF-UHFFFAOYSA-N"
"COc1c(ncnc1OC)NS(=O)(=O)c2ccc(cc2)N",NA,NA,NA,NA,NA,NA,NA,NA,NA,NA,NA,NA,NA,NA,NA,NA,NA,11.993387072469,31.9720720755103,-0.342112342987005,0.24633181875771,4.93029088911453,11.5411275308714,0.623,310.07357604,0,5,1.79,0,19,12,22,0,35,12,12,1.151,1.324801,75.7059,0,2,2,2,2,0,0,0,2,0,0,0,0.402517368922463,106,930,33,41.7733149542426,1.98920547401155,25.747848983377,10.5812400535432,11.6840939767716,5.4594316186373,251.433576297312,124.81,0.833333333333333,NA,0.454545454545455,0.2,1.40861690380744,2.39167654984467,0,3.30917619753243,7.76986577878393,0,3.10267168393334,0,0,0.5,0.730296743340221,0.333333333333333,0,0.383154716196777,0,1.19055078897615,0,0,0,0,0,0,0,0,2,0,0,0,0,5,0,0,0,0,5,0,0,0,1,0,0,1,0,0,0,0,2,0,0,0,0,0,2,2,0,0,0,0,0,0,0,0,0,0,0,0,0,0,0,0,1,0,0,0,0,0,0,0,0,0,0,0,0,0,0,0,0,0,0,0,0,0,0,0,0,0,0,17.3553719008264,7.51300728407908,4.2603550295858,0.166666666666667,876.09,0.666666666666667,365,15.4578191578136,9.97469363759224,9.08091518180373,7.26592470238573,5.76623093106143,4.3250753322569,2.88479745447153,1.4970665285362,11.6035120293552,6.16007644005261,4.35914786834677,2.92813324101951,1.84542067012553,1.16602842178364,0.592058996432574,0.274250442168547,3.86337216165612,5.81073238363745,7.31331882124513,1.02799963200369,1.2022540055427,1.21925438067989,1.95290561436546,0.204124145231932,0.484544476017292,0.102062072615966,0.577719962355858,0.0254995858900877,0.0793682098363242,0.00849986196336256,0,0,0,0.15137471507731,0.269337567297406,0,0,0,0.0422115345075184,0.0520392227888608,0,0,2,7,0,0,0,0,0,1442.01831627916,1662.29044186558,2328.34228659653,2337.00217722825,1993.27337804834,31.6655503857197,33.2214988864926,41.8217215276982,46.7100379271064,44.2916830813103,0.672877950715566,-0.436761878974938,0.118822167806997,0.0620938365838347,-0.0670086924514151,2,6,NA,NA,NA,NA,NA,NA,NA,NA,NA,NA,NA,NA,NA,NA,NA,NA,NA,NA,NA,NA,NA,NA,NA,NA,NA,NA,NA,NA,NA,28.252898,40.963102,NA,NA,NA,NA,NA,NA,NA,NA,NA,NA,NA,NA,NA,NA,NA,NA,NA,NA,"PJSFRIWCGOHTNF-UHFFFAOYSA-N"
"c1cnc(nc1)NS(=O)(=O)c2ccc(cc2)N",NA,NA,NA,NA,NA,NA,NA,NA,NA,NA,NA,NA,NA,NA,NA,NA,NA,11.9934267909931,31.9720718497706,-0.337094660238646,0.247426744096816,5.71599066016556,11.4068041179024,0.333,250.05244664,0,3,1.79,0,17,11,18,0,27,12,12,0.4992,0.24920064,62.1416,0,2,2,2,2,0,0,0,2,0,0,0,0.425310775515474,86,536,23,34.0184090091218,2.00108288288952,20.0541906126204,4.97380913059661,11.6065723514272,5.16992500144231,199.261153644456,106.35,1,NA,0.5,0,0,0,0,5.72915340683671,7.153374515887,0,0.7937005259841,0,0,0.5,0,0,0,0.412740906111828,0,1.5,0,0,0,0,0,0,0,0,0,0,0,0,0,7,0,0,0,0,3,0,0,0,1,0,0,1,0,0,0,0,2,0,0,0,0,0,2,0,0,0,0,0,0,0,0,0,0,0,0,0,0,0,0,0,1,0,0,0,0,0,0,0,0,0,0,0,0,0,0,0,0,0,0,0,0,0,0,0,0,0,0,13.4320987654321,5.76,3.72889417360285,0,512.07,0.823529411764706,268,12.3031186194344,8.07731682762475,7.65353686455439,5.66054646021606,4.34350148394078,3.31189148027106,2.04000288017877,1.00889193518196,8.94171598680675,5.10199823532769,3.66674530113442,2.31721395200516,1.41693433414714,0.912418437298613,0.443490792342165,0.19613260614919,2.81927181539829,3.95393615098837,4.81814006787629,0.74260042576578,0.796962472954582,0.797740103111156,1.6876136627761,0.204124145231932,0.348461712529338,0.102062072615966,0.475143680151616,0.0254995858900877,0.0586403733153841,0.00849986196336256,0,0,0,0.185395405949299,0.197168783648703,0,0,0,0.0470227867507653,0.0426597358907085,0,0,2,7,0,0,0,0,0,1179.4587986738,1339.84455478932,1829.88153293681,1670.5277393387,1323.85269241005,26.1166123146378,27.8931309779623,34.4657823673299,33.8884882793892,28.5486615095383,0.351229605675891,-0.239922922598748,0.189874606895314,-0.228352791503911,0.186182271217999,2,6,NA,NA,NA,NA,NA,NA,NA,NA,NA,NA,NA,NA,NA,NA,NA,NA,NA,NA,NA,NA,NA,NA,NA,NA,NA,NA,NA,NA,NA,20.04807,33.17193,NA,NA,NA,NA,NA,NA,NA,NA,NA,NA,NA,NA,NA,NA,NA,NA,NA,NA,"SEEPANYCNGTZFQ-UHFFFAOYSA-N"
"c1cc(ccc1N)S(=O)(=O)NC(=N)N",NA,NA,NA,NA,NA,NA,NA,NA,NA,NA,NA,NA,NA,NA,NA,NA,NA,11.9935115960106,31.9720716993356,-0.303602605346077,0.246945598559413,5.68312526068212,11.2949431773889,0.0469999999999999,214.05244664,0,3,1.46,0,14,9,14,3,24,6,6,0.0376000000000001,0.00141376000000001,50.016,0,1,1,1,1,0,0,0,1,0,0,0,0.609383363972373,68,307,18,26.9764421983178,1.92688872845127,18.4396732134261,4.91213923250512,10.1153947484158,4.8073549220576,175.902575869256,130.44,1,NA,0.5,0,0,0,0,3.30192724889463,5.78095490399398,0,0.7937005259841,0,0,0.5,0,0,0.595275394488075,1.04004191152595,0,0,0,0,0,0,0,0,0,0,0,0,0,0,0,4,0,0,0,1,2,0,0,0,2,0,1,1,0,0,0,0,0,0,0,0,0,0,2,0,0,0,0,0,0,0,0,0,0,0,0,0,0,0,0,0,1,0,0,0,0,0,0,0,0,0,0,0,0,0,0,0,0,0,0,0,0,0,0,0,0,0,0,12.0714285714286,4.68,3.59183673469388,0,394.07,0.428571428571429,166,10.7675847135016,6.41552078507628,6.54334786991786,4.05537474469352,3.26041957779731,1.92258898432212,1.32396369939943,0.477828899429946,7.39258825742759,4.01039532826156,3.00802226150224,1.77942743809036,1.0756793387015,0.620445156896594,0.301571751790894,0.10167652813114,2.63265875341944,4.02410641950063,4.21763005972589,0.698432474112311,0.74558023487748,0.682734315218936,1.89173780800803,0.204124145231932,0.348461712529338,0.102062072615966,0.497312463800319,0.0254995858900877,0.0586403733153841,0.00849986196336256,0,0,0,0.0833333333333333,0.125,0,0,0,0.0277777777777778,0.0330372314042147,0,0,0,6,0,0,0,0,0,970.059008814774,1082.13311549002,1468.34857267328,1288.5028440437,993.75003891626,23.1166123146378,23.5607671116014,29.133418500969,28.2237605466674,22.0429091672519,0.257988076725473,-0.149648827944483,0.103506400235737,-0.122265733803436,0.0572856017397685,4,6,NA,NA,NA,NA,NA,NA,NA,NA,NA,NA,NA,NA,NA,NA,NA,NA,NA,NA,NA,NA,NA,NA,NA,NA,NA,NA,NA,NA,NA,16.74807,27.89193,NA,NA,NA,NA,NA,NA,NA,NA,NA,NA,NA,NA,NA,NA,NA,NA,NA,NA,"BRBKOPJOKNSWSG-UHFFFAOYSA-N"
"Cc1c(noc1NS(=O)(=O)c2ccc(cc2)N)C",NA,NA,NA,NA,NA,NA,NA,NA,NA,NA,NA,NA,NA,NA,NA,NA,NA,11.89,31.9720719068138,-0.302516649494572,0.246642769862528,5.72393745582311,11.4478049557253,1.474,267.06776238,0,3,1.9,0,16,11,19,0,31,11,11,1.1043,1.21947849,65.8593,0,2,2,2,2,0,0,1,1,0,0,0,0.399149635470878,94,614,26,35.6575609992359,1.98097561106866,19.9530276119831,7.9819368810853,8.50092505621078,5.24792751344359,216.987063463517,106.6,1,NA,0.5,0.333333333333333,1.14876357800364,3.37701897368727,0,3.30192724889463,6.3195178146135,0,3.10267168393334,0,0,0.5,0.5,0,0,0.272165526975909,0,0.333333333333333,0,0,0,0,0,0,0,0,2,0,0,0,0,4,0,0,0,0,5,0,0,0,1,0,0,1,0,0,0,0,1,0,0,0,0,0,2,0,1,0,0,0,0,0,0,0,0,0,0,0,0,0,0,0,1,0,0,0,0,0,0,0,0,0,0,0,0,0,0,0,0,0,0,0,0,0,0,0,0,0,0,14.409972299169,5.55102040816327,3.32179930795848,0.181818181818182,718.07,0.722222222222222,284,13.336498814254,8.39868403267067,8.32333158496523,6.54325292626519,4.6392943574627,3.35940519449645,2.21722457855316,1.09960379889871,10.1706998742018,5.58202532248371,4.31645565459939,2.91071474149517,1.59964339687104,0.999599954917595,0.528752775897336,0.228705492775418,4.03176085399408,5.2833171797984,6.29846287569941,1.29264609102829,1.24731429078398,1.2267177655137,2.07830853433623,0.204124145231932,0.58076952088223,0.102062072615966,0.712978115334588,0.0254995858900877,0.14005759090687,0.00849986196336256,0,0,0.0962250448649376,0.343824804807186,0.391328499224881,0,0,0.0228217732293819,0.0848322108512326,0.0856641270624993,0,0,1,7,1,2,0,0,0,1276.47627313838,1469.63529270593,2079.37331187894,1865.00182686361,1461.67466340041,27.5311010489023,29.2801387526202,37.9358508811931,37.7457447159113,31.6611205284127,0.287391625998096,-0.115444133088001,0.0539117820323805,-0.112384239680973,0.0456434101944615,2,4,NA,NA,NA,NA,NA,NA,NA,NA,NA,NA,NA,NA,NA,NA,NA,NA,NA,NA,NA,NA,NA,NA,NA,NA,NA,NA,NA,NA,NA,22.603691,36.634309,NA,NA,NA,NA,NA,NA,NA,NA,NA,NA,NA,NA,NA,NA,NA,NA,NA,NA,"NHUHCSRWZMLRLA-UHFFFAOYSA-N"
"COc1ccc(nn1)NS(=O)(=O)c2ccc(cc2)N",NA,NA,NA,NA,NA,NA,NA,NA,NA,NA,NA,NA,NA,NA,NA,NA,NA,11.9934056782943,31.9720719626277,-0.337153100807546,0.246277491579083,4.65378528730339,11.44482451086,1.187,280.06301134,0,4,1.79,0,18,13,20,0,31,12,12,0.9684,0.937798559999999,70.2024,0,2,2,2,2,0,0,0,2,0,0,0,0.412692841682276,96,758,27,37.8974713666955,1.99460375614187,22.8885206807864,7.75762698324307,11.6530914119564,5.32192809488736,225.347364970884,115.58,1,NA,0.5,0,0.884857914149934,0.734411253978719,0,4.55989686165505,8.39076368578128,0,1.32180215216673,0,0,0.5,0.285714285714286,0,0,0.39685026299205,0,1.65096362444731,0,0,0,0,0,0,0,0,1,0,0,0,0,6,0,0,0,0,4,0,0,0,1,0,0,1,0,0,0,0,2,0,0,0,0,0,2,1,0,0,0,0,0,0,0,0,0,0,0,0,0,0,0,0,1,0,0,0,0,0,0,0,0,0,0,0,0,0,0,0,0,0,0,0,0,0,0,0,0,0,0,15.39,6.63520408163265,4.23140495867769,0.0909090909090909,682.08,0.736842105263158,354,13.880468888624,9.00916848020289,8.4445006562125,6.47947835320288,4.79609428420303,3.7046107226392,2.46104067487226,1.34171576269787,10.272614008081,5.64198982738545,4.05528268450754,2.62056360226832,1.57554901438465,1.00572302416917,0.52108735512324,0.240119885766867,3.31207109522503,4.47388254630055,5.38450964185207,0.866608882139722,0.919614205818803,0.906517950303669,1.89173780800803,0.204124145231932,0.348461712529338,0.102062072615966,0.542398030257879,0.0254995858900877,0.0586403733153841,0.00849986196336256,0,0,0,0.166666666666667,0.242851130197758,0,0,0,0.0444444444444444,0.0481747029119458,0,0,2,8,0,0,0,0,0,1286.07045663768,1464.99889658725,2016.63000942062,1888.4278067815,1507.9913170366,28.8910813501788,30.584931367143,38.1299211385175,38.6903520883957,31.881684313272,0.41784411876496,-0.239258154944117,0.0954864243906433,-0.0352495436992943,-0.0728845381919605,2,6,NA,NA,NA,NA,NA,NA,NA,NA,NA,NA,NA,NA,NA,NA,NA,NA,NA,NA,NA,NA,NA,NA,NA,NA,NA,NA,NA,NA,NA,22.830484,37.067516,NA,NA,NA,NA,NA,NA,NA,NA,NA,NA,NA,NA,NA,NA,NA,NA,NA,NA,"VLYWMPOKSSWJAL-UHFFFAOYSA-N"
"Cc1ccnc(n1)NS(=O)(=O)c2ccc(cc2)N",NA,NA,NA,NA,NA,NA,NA,NA,NA,NA,NA,NA,NA,NA,NA,NA,NA,11.9934057059164,31.9720718999256,-0.337095717164686,0.24743187080306,5.71845128341752,11.4461017553317,0.648,264.06809672,0,3,1.9,0,17,11,19,0,30,12,12,1.1292,1.27509264,68.3005,0,2,2,2,2,0,0,0,2,0,0,0,0.402737026248068,92,627,25,35.8757743920078,1.99309857733377,20.0497154667389,4.97459116252474,11.6005331416894,5.24792751344359,216.557138270323,106.35,1,NA,0.5,0,1.1634026079003,1.12119522033829,0,4.19578072333738,7.98818615541452,0,1.48674775909844,0,0,0.5,0,0,0,0.412740906111828,0,1.5,0,0,0,0,0,0,0,0,1,0,0,0,0,6,0,0,0,0,4,0,0,0,1,0,0,1,0,0,0,0,2,0,0,0,0,0,2,0,0,0,0,0,0,0,0,0,0,0,0,0,0,0,0,0,1,0,0,0,0,0,0,0,0,0,0,0,0,0,0,0,0,0,0,0,0,0,0,0,0,0,0,14.409972299169,5.96982167352538,3.99583766909469,0.0909090909090909,655.07,0.777777777777778,287,13.1733621074374,8.47116367774211,8.2873040592859,5.98079970997446,4.69735890972593,3.41958341995735,2.41014252841194,1.03546015847828,9.86436571761713,5.52274794459199,4.115976010791,2.54625369615057,1.56146716860928,0.981506440079709,0.527312032736207,0.217536963595148,3.16357619019724,4.51897754196172,5.382500050057,0.877818233993082,0.94687328091755,0.934277896633325,1.97628879737091,0.204124145231932,0.348461712529338,0.102062072615966,0.604243125025197,0.0254995858900877,0.0586403733153841,0.00849986196336256,0,0,0,0.166666666666667,0.267258898432212,0,0,0,0.0444444444444444,0.0580372314042147,0,0,1,8,0,1,0,0,0,1272.60329728058,1449.31296506351,1996.19019255423,1840.86199308076,1491.92531178548,27.1166123146378,28.8931309779623,36.6319643005104,35.8884882793892,30.8810253758992,0.349256029589952,-0.232338526275669,0.170401889287873,-0.203924334585303,0.164218842872735,2,6,NA,NA,NA,NA,NA,NA,NA,NA,NA,NA,NA,NA,NA,NA,NA,NA,NA,NA,NA,NA,NA,NA,NA,NA,NA,NA,NA,NA,NA,22.234484,36.265516,NA,NA,NA,NA,NA,NA,NA,NA,NA,NA,NA,NA,NA,NA,NA,NA,NA,NA,"QPPBRPIAZZHUNT-UHFFFAOYSA-N"
"Cc1nnc(s1)NS(=O)(=O)c2ccc(cc2)N",NA,NA,NA,NA,NA,NA,NA,NA,NA,NA,NA,NA,NA,NA,NA,NA,NA,11.9934509245108,31.9730725991553,-0.337091822142427,0.246670893831567,5.73229520123741,11.6670351608544,1.408,270.02451764,0,3,1.57,0,16,11,18,0,27,11,11,0.6116,0.37405456,67.1247,0,2,2,2,2,0,0,1,1,0,0,0,0.498436220445127,88,535,22,33.7880897541436,1.98753469142021,22.9345117148809,4.9693460587763,11.4999872648604,5.16992500144231,203.110651776989,134.59,1,NA,0.5,0,0.534522483824849,1.12119522033829,0,3.30192724889463,5.7986590388321,0,1.48674775909844,0,0,0.5,0,0,0,0.39685026299205,0,1.65096362444731,0,0,0,0,0,0,0,0,1,0,0,0,0,4,0,0,0,0,4,0,0,0,1,0,0,1,0,0,0,0,2,0,0,0,0,0,2,0,0,0,0,0,0,0,0,0,0,0,0,0,0,0,1,0,1,0,0,0,0,0,0,0,0,0,0,0,0,0,0,0,0,0,0,0,0,0,0,0,0,0,0,13.4320987654321,5.32544378698225,3.48444444444444,0.111111111111111,512.08,0.764705882352941,267,12.4662553262509,7.97116367774211,7.93375066869262,5.73921808617726,4.46259098966397,3.02419133160528,2.06708455041874,1.07592670511607,9.93441005062947,5.84367866055829,4.90222475242915,3.04849059474261,2.0594119916075,1.19620044394395,0.655079925909358,0.314866115422385,3.16357619019724,4.47376236557944,4.9707667533535,1.12717377594614,1.3419347347659,1.2443572432807,1.97628879737091,0.204124145231932,0.348461712529338,0.102062072615966,0.835935598280491,0.0254995858900877,0.0586403733153841,0.00849986196336256,0,0,0.117851130197758,0.284517796864425,0.25,0,0,0.0612372435695795,0.119633643132147,0.082394145413901,0,0,1,6,0,1,0,0,0,1393.49107664968,1598.43101682319,2208.48434706496,1861.03206840079,1556.46665263478,32.2443653530878,31.2603178219839,42.9221547155768,36.9304024817326,34.5018105565513,0.277911418561783,-0.135120840284005,0.0656239940329961,-0.0991633069877284,0.0387661101970162,2,6,NA,NA,NA,NA,NA,NA,NA,NA,NA,NA,NA,NA,NA,NA,NA,NA,NA,NA,NA,NA,NA,NA,NA,NA,NA,NA,NA,NA,NA,21.00807,34.31193,NA,NA,NA,NA,NA,NA,NA,NA,NA,NA,NA,NA,NA,NA,NA,NA,NA,NA,"VACCAVUAMIDAGB-UHFFFAOYSA-N"
"Cc1cc(no1)NS(=O)(=O)c2ccc(cc2)N",NA,NA,NA,NA,NA,NA,NA,NA,NA,NA,NA,NA,NA,NA,NA,NA,NA,11.9934268220892,31.9720718567196,-0.337092875511474,0.246270799050093,5.60015089586826,11.3958352368509,1.181,253.0521123,0,3,1.79,0,16,11,18,0,28,11,11,1.1978,1.43472484,62.511,0,2,2,2,2,0,0,1,1,0,0,0,0.421257104045126,88,535,22,33.7880897541436,1.98753469142021,19.9386793824129,7.93594877067449,8.53338455296216,5.16992500144231,199.69107883765,106.6,1,NA,0.5,0,0.869938986744092,1.12119522033829,0,3.53952919598311,7.51688950507784,0,1.48674775909844,0,0,0.5,0.4,0,0,0.288675134594813,0,0.5,0,0,0,0,0,0,0,0,1,0,0,0,0,5,0,0,0,0,4,0,0,0,1,0,0,1,0,0,0,0,1,0,0,0,0,0,2,0,1,0,0,0,0,0,0,0,0,0,0,0,0,0,0,0,1,0,0,0,0,0,0,0,0,0,0,0,0,0,0,0,0,0,0,0,0,0,0,0,0,0,0,13.4320987654321,5.32544378698225,3.48444444444444,0.1,569.07,0.764705882352941,267,12.4662553262509,7.97116367774211,7.93375066869262,5.73921808617726,4.46259098966397,3.02419133160528,2.06708455041874,1.07592670511607,9.24805014339141,5.15937559167334,3.91714970111037,2.39931632901388,1.50355521647698,0.888744659470387,0.470870599375452,0.207955964338515,3.16357619019724,4.47376236557944,4.9707667533535,0.864027052195194,0.951000870912641,0.880012570862199,1.97628879737091,0.204124145231932,0.348461712529338,0.102062072615966,0.607544532786164,0.0254995858900877,0.0586403733153841,0.00849986196336256,0,0,0.117851130197758,0.284517796864425,0.25,0,0,0.0263523138347365,0.0673062485298825,0.0542770654019599,0,0,1,8,0,1,0,0,0,1166.80240854933,1334.6446383756,1860.2605961971,1598.07201442825,1310.02422168886,26.5311010489023,28.2801387526202,35.9082796293551,32.6659159436258,28.8263545835891,0.291487525924852,-0.104069823401951,0.0179924379794045,-0.0592568228755219,-0.01616806186602,2,4,NA,NA,NA,NA,NA,NA,NA,NA,NA,NA,NA,NA,NA,NA,NA,NA,NA,NA,NA,NA,NA,NA,NA,NA,NA,NA,NA,NA,NA,20.417277,33.540723,NA,NA,NA,NA,NA,NA,NA,NA,NA,NA,NA,NA,NA,NA,NA,NA,NA,NA,"JLKIGFTWXXRPMT-UHFFFAOYSA-N"
"Cc1c(oc(n1)NS(=O)(=O)c2ccc(cc2)N)C",NA,NA,NA,NA,NA,NA,NA,NA,NA,NA,NA,NA,NA,NA,NA,NA,NA,11.89,31.9720719068138,-0.302558838081794,0.247887306083265,5.72017564269841,11.3876636845916,1.006,267.06776238,0,3,1.9,0,16,11,19,0,31,11,11,1.401,1.962801,67.022,0,2,2,2,2,0,0,1,1,0,0,0,0.399149635470878,94,625,25,35.6586233727493,1.98103463181941,19.9784433700836,7.9727332029226,8.53465211916678,5.24792751344359,216.987063463517,106.6,1,NA,0.5,0.333333333333333,1.0690449676497,3.14695837098301,0,3.30192724889463,6.11042107444429,0,2.79346109096649,0,0,0.5,0.5,0,0,0.288675134594813,0,0.5,0,0,0,0,0,0,0,0,2,0,0,0,0,4,0,0,0,0,5,0,0,0,1,0,0,1,0,0,0,0,1,0,0,0,0,0,2,0,1,0,0,0,0,0,0,0,0,0,0,0,0,0,0,0,1,0,0,0,0,0,0,0,0,0,0,0,0,0,0,0,0,0,0,0,0,0,0,0,0,0,0,14.409972299169,5.55102040816327,3.52617079889807,0.181818181818182,718.07,0.722222222222222,286,13.336498814254,8.38184728026507,8.4414987127614,6.31744282404911,4.73131184669417,3.23084103379176,2.32906636411609,1.17221852813096,10.1706998742018,5.57718207963056,4.25496157727973,2.77400612062305,1.56915599387392,0.952736815307282,0.52677861246536,0.23597067158953,3.84320232229926,5.10305578756368,5.81831002908203,1.13992813918952,1.10983122654376,1.04741985861224,2.15901818356713,0.204124145231932,0.515128379196005,0.102062072615966,0.684652698101335,0.0254995858900877,0.104283919774148,0.00849986196336256,0,0,0.0962250448649376,0.343824804807186,0.391328499224881,0,0,0.0228217732293819,0.0848322108512326,0.0856641270624993,0,0,0,8,0,2,0,0,0,1249.17164080597,1432.86951233146,2022.92120250099,1773.61600402707,1418.68228140228,27.5311010489023,29.2249510658665,38.5169289131753,36.4973425039714,30.3227683636196,0.394153568404369,-0.255409950127727,0.150890805550052,-0.212128440592651,0.197246083323153,2,5,NA,NA,NA,NA,NA,NA,NA,NA,NA,NA,NA,NA,NA,NA,NA,NA,NA,NA,NA,NA,NA,NA,NA,NA,NA,NA,NA,NA,NA,23.923691,36.634309,NA,NA,NA,NA,NA,NA,NA,NA,NA,NA,NA,NA,NA,NA,NA,NA,NA,NA,"CYFLXLSBHQBMFT-UHFFFAOYSA-N"
"c1ccnc(c1)NS(=O)(=O)c2ccc(cc2)N",NA,NA,NA,NA,NA,NA,NA,NA,NA,NA,NA,NA,NA,NA,NA,NA,NA,11.993405760943,31.9720718441803,-0.337093874544988,0.246204650764106,5.71860310471342,11.4484921151409,1.374,249.05719768,0,3,2.01,0,17,11,18,0,28,12,12,1.1454,1.31194116,63.6879,0,2,2,2,2,0,0,0,2,0,0,0,0.375255165763495,86,536,23,34.0184090091218,2.00108288288952,17.0213217468341,4.97380913059661,8.57370348564092,5.16992500144231,205.560378062156,93.46,1,NA,0.5,0,0,0,0,7.77609614480955,8.14082090066323,0,0.7937005259841,0,0,0.5,0,0,0,0.288675134594813,0,0.5,0,0,0,0,0,0,0,0,0,0,0,0,0,8,0,0,0,0,3,0,0,0,1,0,0,1,0,0,0,0,1,0,0,0,0,0,2,0,0,0,0,0,0,0,0,0,0,0,0,0,0,0,0,0,1,0,0,0,0,0,0,0,0,0,0,0,0,0,0,0,0,0,0,0,0,0,0,0,0,0,0,13.4320987654321,5.76,3.72889417360285,0,569.06,0.823529411764706,268,12.3031186194344,8.07731682762475,7.65353686455439,5.66054646021606,4.34350148394078,3.31189148027106,2.04000288017877,1.00889193518196,9.07185266049642,5.2422010157587,3.80932502745339,2.43624355543664,1.5183088945015,0.985546664014172,0.474933909556952,0.215586431544684,2.81927181539829,3.95393615098837,4.81814006787629,0.768305283623703,0.844963334825694,0.859645161874335,1.6876136627761,0.204124145231932,0.348461712529338,0.102062072615966,0.489693402588406,0.0254995858900877,0.0586403733153841,0.00849986196336256,0,0,0,0.185395405949299,0.197168783648703,0,0,0,0.0526229775277754,0.0454598312792136,0,0,2,9,0,0,0,0,0,1218.37906052303,1383.95734557953,1887.60302671201,1723.44985397798,1370.90709449635,25.7566320133613,27.5607671116014,33.9120036979574,33.2786362797396,27.9397403364898,0.269857814616931,-0.157899446219933,0.0838563095040229,-0.0990394077796738,0.0855687309444622,2,5,NA,NA,NA,NA,NA,NA,NA,NA,NA,NA,NA,NA,NA,NA,NA,NA,NA,NA,NA,NA,NA,NA,NA,NA,NA,NA,NA,NA,NA,19.821277,34.498723,NA,NA,NA,NA,NA,NA,NA,NA,NA,NA,NA,NA,NA,NA,NA,NA,NA,NA,"GECHUMIMRBOMGK-UHFFFAOYSA-N"
"c1cc(ccc1N)S(=O)(=O)N",NA,NA,NA,NA,NA,NA,NA,NA,NA,NA,NA,NA,NA,NA,NA,NA,NA,11.999,31.9727448441469,-0.302495150013961,0.263154399646196,5.67727641988247,10.701129002531,-0.336,172.03064856,0,1,1.57,0,11,7,11,0,19,6,6,-0.00419999999999993,1.76399999999994e-05,41.3163,0,1,1,1,1,0,0,0,1,0,0,0,0.54966949663635,54,152,13,21.156620012669,1.92332909206082,12.8780061246539,4.74758160794777,4.88284290875832,4.4594316186373,139.249529527856,94.56,1,NA,0.5,0,0,0,0,3.30192724889463,5.65685424949238,0,0.333333333333333,0,0,0.5,0,0,0.166666666666667,0,0,0,0,0,0,0,0,0,0,0,0,0,0,0,0,4,0,0,0,0,2,0,0,0,2,0,0,0,0,0,0,0,0,0,0,0,0,0,2,0,0,0,0,0,0,0,0,0,0,0,0,0,0,0,0,0,1,0,0,0,0,0,0,0,0,0,0,0,0,0,0,0,0,0,0,0,0,0,0,0,0,0,0,9.09090909090909,3.1640625,2.5,0,251.05,0.545454545454545,99,8.48312766312544,4.99901856563989,5.32282108274491,3.24060018943709,2.12610505917028,1.52022005725994,1.10355339059327,0.25,5.89258825742759,3.26905778965448,2.50366939483409,1.44050519170297,0.786124729043839,0.482169834333934,0.230238319050422,0.0473900232962608,2.2701300089796,2.45670587148348,2.4903032212794,0.596510091888923,0.508846501959435,0.442092000231549,1.79903810567666,0.288675134594813,0.433012701892219,0.144337567297406,0.452358772119567,0.0294443855557322,0.0650822041942713,0.00981479518524407,0,0,0,0.0833333333333333,0.125,0,0,0,0.0277777777777778,0.0330372314042147,0,0,0,6,0,0,0,0,0,723.587321582031,794.38035796875,1072.12112620215,836.335736226563,468.567495351563,19.3966517120849,20.0622213120601,22.3836923925866,18.332666050358,11.4966989126246,0.184793495412326,-0.0848761524707074,0.00910438341120305,0.0017580693154024,-0.00305717415781387,2,4,NA,NA,NA,NA,NA,NA,NA,NA,NA,NA,NA,NA,NA,NA,NA,NA,NA,NA,NA,NA,NA,NA,NA,NA,NA,NA,NA,NA,NA,13.901656,22.598344,NA,NA,NA,NA,NA,NA,NA,NA,NA,NA,NA,NA,NA,NA,NA,NA,NA,NA,"FDDDEECHVMSUSB-UHFFFAOYSA-N"
"NC1=CC=C(C=C1)S(=O)(=O)NC1=NC=CS1",NA,NA,NA,NA,NA,NA,NA,NA,NA,NA,NA,NA,NA,NA,NA,NA,NA,11.9979980746691,31.9737898201483,-0.302513861419711,0.246750052088556,5.73649093924598,11.6485784278565,-0.456,255.0136186,0,3,1.68,4,15,10,17,0,25,11,11,0.7993,0.63888049,63.3415,0,2,2,2,2,0,0,1,1,0,0,0,0.477229414915647,82,448,20,31.9054734562842,1.99409209101776,19.9438568381933,4.96644343495925,8.51538332606979,5.08746284125034,192.113891568823,121.7,0.8,NA,0.444444444444444,0,0,0,0,4.35984732841629,6.79772543451553,0,0.7937005259841,0,0,0.5,0,0,0,0.288675134594813,0,0.5,0,0,0,0,0,0,0,0,0,0,0,0,0,6,0,0,0,0,3,0,0,0,1,0,0,1,0,0,0,0,1,0,0,0,0,0,2,0,0,0,0,0,0,0,0,0,0,0,0,0,0,0,1,0,1,0,0,0,0,0,0,0,0,0,0,0,0,0,0,0,0,0,0,0,0,0,0,0,0,0,0,12.4567474048443,5.10416666666667,3.25,0,436.07,0.8125,233,11.5960118382478,7.57731682762476,7.29998347396112,5.41054646021606,4.16672478864414,2.69951904457526,1.89566531288136,0.936723151533255,9.14189699350876,5.60633843137956,4.3261703468136,2.88918912900711,1.93890044760421,1.04395691554684,0.585287252909272,0.288846813160789,2.81927181539829,3.95393615098837,4.52946493328148,0.89617996918138,1.0837545840204,1.06219675843059,1.6876136627761,0.204124145231932,0.348461712529338,0.102062072615966,0.562074319527908,0.0254995858900877,0.0586403733153841,0.00849986196336256,0,0,0.144337567297406,0.185395405949299,0.176031036307983,0,0,0.0912870929175277,0.0734213242365416,0.0609706282022977,0,0,2,6,0,0,0,0,0,1318.87773402171,1504.78021622105,2056.23453579065,1707.25375052637,1453.68597130444,30.8843850518113,29.9003375207074,38.4763355781938,34.5704221804562,32.8919585569017,0.282479508316573,-0.177246308996454,0.111579118651885,-0.137291259996185,0.128654418517283,2,5,NA,NA,NA,NA,NA,NA,NA,NA,NA,NA,NA,NA,NA,NA,NA,NA,NA,NA,NA,NA,NA,NA,NA,NA,NA,NA,NA,NA,NA,19.914863,32.545137,NA,NA,NA,NA,NA,NA,NA,NA,NA,NA,NA,NA,NA,NA,NA,NA,NA,NA,"JNMRHUJNCSQMMB-UHFFFAOYSA-N"
"c1cc(ccc1N)S(=O)(=O)c2ccc(cc2)N",NA,NA,NA,NA,NA,NA,NA,NA,NA,NA,NA,NA,NA,NA,NA,NA,NA,11.9933872192717,31.97207183859,-0.337100878960585,0.206717211460584,5.73847710759729,11.7693066459591,0.861,248.06194872,0,2,2.23,0,17,11,18,0,29,12,12,1.5216,2.31526656,67.7317,0,2,2,2,2,0,0,0,2,0,0,0,0.381195102626298,88,516,26,33.8745366779319,1.99261980458423,13.5221851751348,4.99516321589555,5.03185874334374,5.16992500144231,211.859602479856,94.56,1,NA,0.5,0,0,0,0,8.69190191757046,12.3619978108598,0,1.53261886478711,0,0,0.5,0,0,0.1,0,0,0,0,0,0,0,0,0,0,0,0,0,0,0,0,8,0,0,0,0,4,0,0,0,2,0,0,0,0,0,0,0,0,0,0,0,0,0,2,0,0,0,0,0,0,0,0,0,0,0,0,0,0,0,0,0,1,0,0,0,0,0,0,0,0,0,0,0,0,0,0,0,0,0,0,0,0,0,0,0,0,0,0,13.4320987654321,5.32544378698225,3.0625,0,628.05,0.764705882352941,262,12.4662553262509,7.99803713127978,7.73495856296685,6.13610831873748,4.34152651581761,3.37096139170746,2.4054362343181,1.08662408463393,9.20198933418609,5.33176253330747,4.12801557156902,2.82634963583333,1.74468774788322,1.18411555445115,0.628032826839802,0.293517000825697,3.72806742975767,4.81010870811152,5.9659916914911,1.13261067161127,1.24893544639458,1.35154500270707,1.7767090063074,0.166666666666667,0.622008467928146,0.166666666666667,0.623367068576904,0.0254995858900877,0.117280746630768,0.0169997239267251,0,0,0,0.166666666666667,0.25,0,0,0,0.0555555555555556,0.0660744628084295,0,0,0,12,0,0,0,0,0,1333.55056776676,1542.656008558,2164.10146713177,2088.74857419617,1553.00873476721,25.3966517120849,26.7847331787714,35.4467054950049,36.0006043679942,26.3286700925274,0.185845871499179,-0.0587046750419638,-0.00752085241668208,0.00279146621273926,-0.00862005174602085,2,4,NA,NA,NA,NA,NA,NA,NA,NA,NA,NA,NA,NA,NA,NA,NA,NA,NA,NA,NA,NA,NA,NA,NA,NA,NA,NA,NA,NA,NA,18.274484,35.825516,NA,NA,NA,NA,NA,NA,NA,NA,NA,NA,NA,NA,NA,NA,NA,NA,NA,NA,"MQJKPEGWNLWLTK-UHFFFAOYSA-N"
"COc1cnc(nc1)NS(=O)(=O)c2ccc(cc2)N",NA,NA,NA,NA,NA,NA,NA,NA,NA,NA,NA,NA,NA,NA,NA,NA,NA,11.9934056782943,31.9720719626277,-0.345629037684915,0.247441008484474,4.69547275705155,11.4239805470288,0.248,280.06301134,0,4,1.79,0,18,13,20,0,31,12,12,0.6102,0.37234404,68.5297,0,2,2,2,2,0,0,0,2,0,0,0,0.412692841682276,96,758,27,37.8974713666955,1.99460375614187,22.9087110289432,7.75762698324307,11.6732817601132,5.32192809488736,225.347364970884,115.58,1,NA,0.5,0,0.928317766722556,0.734411253978719,0,4.16296361586955,8.26698675134809,0,1.32180215216673,0,0,0.5,0.285714285714286,0,0,0.412740906111828,0,1.5,0,0,0,0,0,0,0,0,1,0,0,0,0,6,0,0,0,0,4,0,0,0,1,0,0,1,0,0,0,0,2,0,0,0,0,0,2,1,0,0,0,0,0,0,0,0,0,0,0,0,0,0,0,0,1,0,0,0,0,0,0,0,0,0,0,0,0,0,0,0,0,0,0,0,0,0,0,0,0,0,0,15.39,6.63520408163265,4.23140495867769,0.0909090909090909,682.08,0.736842105263158,354,13.880468888624,9.00916848020289,8.4445006562125,6.47947835320288,4.79609428420303,3.7046107226392,2.46104067487226,1.34171576269787,10.272614008081,5.62505427354644,4.04084477644585,2.61529231944843,1.53944331864961,0.987698944974586,0.508996834911246,0.237348544929575,3.31207109522503,4.47388254630055,5.38450964185207,0.871499869454776,0.897392022347054,0.874495593296014,1.89173780800803,0.204124145231932,0.348461712529338,0.102062072615966,0.543185061895593,0.0254995858900877,0.0586403733153841,0.00849986196336256,0,0,0,0.166666666666667,0.242851130197758,0,0,0,0.0444444444444444,0.0481747029119458,0,0,2,7,0,0,0,0,0,1280.8977798445,1458.77988073308,2007.7016729576,1878.00352933856,1495.12478777868,28.8910813501788,30.5573149322274,38.129966321595,38.9954114735224,32.2131173530318,0.514796582733958,-0.325572817157186,0.10900465299884,-0.0343337367810426,0.041027582203887,2,6,NA,NA,NA,NA,NA,NA,NA,NA,NA,NA,NA,NA,NA,NA,NA,NA,NA,NA,NA,NA,NA,NA,NA,NA,NA,NA,NA,NA,NA,24.150484,37.067516,NA,NA,NA,NA,NA,NA,NA,NA,NA,NA,NA,NA,NA,NA,NA,NA,NA,NA,"GPTONYMQFTZPKC-UHFFFAOYSA-N"
"OC(=O)C1=CN(C2CC2)C2=C(C=C(F)C(=C2)N2CCNCC2)C1=O",NA,NA,NA,NA,NA,NA,NA,NA,NA,NA,NA,NA,NA,NA,NA,NA,NA,11.9884512593346,18.9984072850883,-0.365206211380759,0.295663509363088,4.51427811131515,11.0440927970327,1.809,331.1332198,0,3,2.56,7,15,12,27,1,42,11,10,1.1076,1.22677776,79.59,1,4,2,3,1,1,0,0,3,0,0,0,0.225196372762114,134,1234,43,49.0160844943023,2.04233685392926,19.9683362645825,7.43429598348229,9.94567179964729,5.75488750216347,291.872129909024,72.88,0.833333333333333,NA,0.454545454545455,0,0,0,0,9.003212111259,19.7093426606344,0,10.7566657909735,0,0,0.944940787421155,0,0,0,0,0,0,0.436435780471985,0.25,0,0,0,0,0,0,0,0,5,0,0,3,1,0,0,1,3,2,0,0,0,0,0,1,0,0,0,0,0,1,0,1,0,1,2,0,0,1,0,0,0,0,0,0,0,0,0,0,0,0,0,0,0,0,0,0,0,0,0,0,0,0,0,0,0,0,0,0,0,0,0,0,0,0,0,0,0,0,0,17.4156378600823,6.9575,3.36,0.411764705882353,1473.07,0.791666666666667,440,16.8445705037617,11.5585506480638,10.8423174311674,8.96455916646297,7.6872015308356,6.43829766035596,4.762311493932,3.61327688900399,13.0881436043146,8.13388326683475,6.37331203402657,4.44043522613782,3.23932197418261,2.33060433376448,1.37701372575834,0.893927188164742,4.43590774616144,7.22224284235362,11.0187157753601,1.57964424578089,2.18261622986164,2.79169792174371,1.77523283423183,0,0.636636523215635,0,0.740104510495295,0,0.16641797851377,0,0.288675134594813,0.166666666666667,0,0.394616868377683,0.727768904528758,0.288675134594813,0.129099444873581,0,0.199682923848414,0.275574622976583,0,0,2,6,2,4,3,0,0,1669.8270654442,2047.94032769122,2875.47927999936,3200.0736425191,2880.05582985913,28.9053921494949,29.9075165083664,42.0944084321064,49.0220271597044,49.7233573177304,0.617777436374375,-0.244459374928108,-0.0871583902743875,-0.1556279058182,0.276915365956884,2,6,NA,NA,NA,NA,NA,NA,NA,NA,NA,NA,NA,NA,NA,NA,NA,NA,NA,NA,NA,NA,NA,NA,NA,NA,NA,NA,NA,NA,NA,27.416726,48.185274,NA,NA,NA,NA,NA,NA,NA,NA,NA,NA,NA,NA,NA,NA,NA,NA,NA,NA,"MYSWGUAQZAJSOK-UHFFFAOYSA-N"
"CN1C[C@@H]2C[C@H]1CN2C3=C(C=C4C(=C3)N(C=C(C4=O)C(=O)O)C5CC5)F",NA,NA,NA,NA,NA,NA,NA,NA,NA,NA,NA,NA,NA,NA,NA,NA,NA,11.9973826029804,19.0001360770693,-0.327699899841484,0.295574753681722,4.51659229030818,11.1181494764707,2.27,357.14886988,0,3,2.78,7,15,13,30,1,46,11,10,1.1041,1.21903681,85.2428,1,6,2,3,1,1,0,2,3,0,0,0,0.184180899192266,154,1537,46,53.5284478938012,2.05878645745389,20.3113035721383,7.43507155469535,10.2830784531046,5.90689059560852,314.107640459957,64.09,1,NA,0.5,0,1.4927753288937,1.60201351795548,0,6.56171924053953,23.0524907392764,0,13.5745051548288,0,0,0.944940787421155,0,0,0,0,0,0,0,0.685006710594441,0,0,0,0,0,0,1,0,4,0,0,3,3,0,0,1,3,2,0,0,0,0,0,0,0,0,0,0,0,2,0,1,0,1,2,0,0,1,0,0,0,0,0,0,0,0,0,0,0,0,0,0,0,0,0,0,0,0,0,0,0,0,0,0,0,0,0,0,0,0,0,0,0,0,0,0,0,0,0,18.0555555555556,6.51878678134903,2.95121407885943,0.473684210526316,1850.07,0.769230769230769,534,18.1624077489575,12.4355607457755,12.312631921484,10.5243586825578,9.19651916277169,7.54474597578299,5.85086714259938,4.29583855844919,14.4829509570073,9.02338102249794,7.77154987467138,5.80663193766669,4.47227613784478,3.11379740466567,2.00486013988787,1.19502345221572,5.76719190903678,9.28699714878062,13.8408705254859,2.57722819130515,3.61356542390742,4.45450468266125,2.31368452478197,0,0.810043208968948,0,1.16036128012005,0,0.297426070506402,0,0.288675134594813,0.166666666666667,0.192450089729875,0.747084826336831,1.42468854831963,0.288675134594813,0.129099444873581,0.149071198499986,0.460993878624854,0.705392997036554,0,0,2,6,2,2,6,0,0,1922.8350687114,2415.34978769884,3574.1962347927,3561.58757681158,3282.2712928406,30.9053921494949,33.0736984415469,49.4267722984673,52.0220271597044,52.8895392509109,0.641859326780469,-0.263543015474732,-0.0798445408539913,-0.13935852695382,0.251302304967092,1,6,NA,NA,NA,NA,NA,NA,NA,NA,NA,NA,NA,NA,NA,NA,NA,NA,NA,NA,NA,NA,NA,NA,NA,NA,NA,NA,NA,NA,NA,30.92314,53.03886,NA,NA,NA,NA,NA,NA,NA,NA,NA,NA,NA,NA,NA,NA,NA,NA,NA,NA,"QMLVECGLEOSESV-RYUDHWBXSA-N"
"CN1CCN(CC1)C2=C(C=C3C(=C2)N(C=C(C3=O)C(=O)O)C4=CC=C(C=C4)F)F",NA,NA,NA,NA,NA,NA,NA,NA,NA,NA,NA,NA,NA,NA,NA,NA,NA,11.9973755085986,19.0006091284299,-0.327712206284825,0.295601164165863,4.10180995373979,11.6257709865831,2.306,399.13944806,0,3,2.89,7,21,14,32,1,48,17,16,4.1543,17.25820849,101.3543,1,4,3,3,2,0,0,0,4,0,0,0,0.164804557203556,158,2102,52,59.3524130751751,2.04663493362673,22.8548941460943,7.44935229383523,10.2867602829615,6,348.314251160397,64.09,0.857142857142857,NA,0.461538461538462,0,1.96983974968172,1.08915699161099,0,12.8058015853359,25.5088580732429,0,11.5276456045081,0,0,0.944940787421155,0,0,0,0,0,0,0,0.685006710594441,0,0,0,0,0,0,1,0,4,0,0,7,0,0,0,1,5,2,0,0,0,0,0,0,0,0,0,0,0,2,0,1,0,1,2,0,0,2,0,0,0,0,0,0,0,0,0,0,0,0,0,0,0,0,0,0,0,0,0,0,0,0,0,0,0,0,0,0,0,0,0,0,0,0,0,0,0,0,0,22.203125,9.24038026256225,4.62109375,0.238095238095238,1789.08,0.758620689655172,622,20.7063778233275,13.8462443482985,13.1467012288119,11.1024229524366,9.12476089555452,7.9793671042637,5.96113825925703,4.50036644374691,15.7311589180196,9.16570638180746,7.13456316421379,5.25130188209527,3.59167860424036,2.68473301195191,1.59392505655501,0.981909727560032,5.48810658748468,8.47390412153666,12.9425725200991,1.9442754113799,2.47318058000217,3.12250598203543,2.35258310342146,0,0.636636523215635,0,0.962155664643355,0,0.147784078701271,0,0,0,0,0.267583143384874,0.5765615431126,0,0,0,0.114748541720309,0.176205848228048,0,0,2,12,2,4,0,0,0,2061.40662117051,2498.73041288704,3670.61616614991,4025.9147158467,3671.98684390874,35.4074362885376,35.655483553072,53.2579786551567,59.5179612491156,57.6375062956165,0.696525164646635,-0.286561493986092,-0.0721942767676785,-0.136957370024426,0.18251349775793,1,6,NA,NA,NA,NA,NA,NA,NA,NA,NA,NA,NA,NA,NA,NA,NA,NA,NA,NA,NA,NA,NA,NA,NA,NA,NA,NA,NA,NA,NA,31.032933,56.449067,NA,NA,NA,NA,NA,NA,NA,NA,NA,NA,NA,NA,NA,NA,NA,NA,NA,NA,"NOCJXYPHIIZEHN-UHFFFAOYSA-N"
"CCN1CCN(CC1)C1=C(F)C=C2C(=O)C(=CN(C3CC3)C2=C1)C(O)=O",NA,NA,NA,NA,NA,NA,NA,NA,NA,NA,NA,NA,NA,NA,NA,NA,NA,11.988426848206,18.9984075732371,-0.330605768585219,0.366041296139139,4.4988040526702,11.0735663825559,2.471,359.16451996,0,4,2.78,7,15,14,29,1,48,11,10,2.0213,4.08565369,89.1034,1,4,2,3,1,1,0,0,3,0,0,0,0.183147266348374,144,1601,47,52.8973879787815,2.03451492226083,20.3268023240766,7.43459177274083,10.302017123192,5.85798099512757,326.464099160757,64.09,0.857142857142857,NA,0.461538461538462,0,2.00016770611876,0.897316228376918,0,10.8488063902901,20.2770993456574,0,10.7566657909735,0,0,0.944940787421155,0,0,0,0,0,0,0,0.685006710594441,0,0,0,0,0,0,1,0,6,0,0,3,1,0,0,1,3,2,0,0,0,0,0,0,0,0,0,0,0,2,0,1,0,1,2,0,0,1,0,0,0,0,0,0,0,0,0,0,0,0,0,0,0,0,0,0,0,0,0,0,0,0,0,0,0,0,0,0,0,0,0,0,0,0,0,0,0,0,0,19.3222354340071,7.78799351000541,3.80580293019247,0.473684210526316,1951.07,0.730769230769231,558,18.4219207729514,12.4904023006419,11.6332812228255,9.78349105944979,8.14951503463151,6.77823745647604,5.23650782203937,3.99460805737504,14.7424639810011,9.08256656488526,7.0575737887933,5.1429441653282,3.63858604289454,2.5862635131546,1.67067637332313,1.07732055511872,4.92870702598818,7.74906281305235,11.5133412866875,1.96136492653928,2.57693370573028,3.10891668224196,1.97935697946376,0,0.636636523215635,0,0.898218393503714,0,0.16641797851377,0,0.288675134594813,0.166666666666667,0,0.37588812909505,0.775881426961227,0.288675134594813,0.129099444873581,0,0.193781224410919,0.307979112317164,0,0,2,6,2,6,3,0,0,1836.47459720225,2239.40710412407,3150.70065832517,3515.11430543706,3143.85483897996,30.9053921494949,32.0736984415469,45.2605903652868,53.0220271597044,52.8895392509109,0.643004986108817,-0.268048908529156,-0.084596212126189,-0.131154150806908,0.25368027057882,1,6,NA,NA,NA,NA,NA,NA,NA,NA,NA,NA,NA,NA,NA,NA,NA,NA,NA,NA,NA,NA,NA,NA,NA,NA,NA,NA,NA,NA,NA,33.109554,54.372446,NA,NA,NA,NA,NA,NA,NA,NA,NA,NA,NA,NA,NA,NA,NA,NA,NA,NA,"SPFYMRJSYKOXGV-UHFFFAOYSA-N"
"CC1CCC2=C3N1C=C(C(O)=O)C(=O)C3=CC(F)=C2",NA,NA,NA,NA,NA,NA,NA,NA,NA,NA,NA,NA,NA,NA,NA,NA,NA,11.85,18.9984064353416,-0.327647119071952,0.295548076433366,4.51311264461782,10.8644885860352,1.827,261.08012156,0,1,2.45,10,14,8,21,0,31,11,10,1.7699,3.13254601,61.7976,1,3,2,1,1,0,0,0,3,0,0,0,0.22713333993286,106,600,36,38.7756744285981,2.04082496992622,13.5234083935276,7.43949419080925,3.52158109046579,5.39231742277876,230.34711431589,57.61,0.75,NA,0.428571428571429,0,1.47342319240416,2.21649076433222,0,3.41702969496584,15.2998590586143,0,11.3026379896394,0,0,0.944940787421155,0,0,0,0,0,0,0,0,0,0,0,0,0,0,1,0,2,0,0,3,1,0,0,1,3,2,0,0,0,0,0,0,0,0,0,0,0,0,0,1,0,1,2,0,0,1,0,0,0,0,0,0,0,0,0,0,0,0,0,0,0,0,0,0,0,0,0,0,0,0,0,0,0,0,0,0,0,0,0,0,0,0,0,0,0,0,0,13.9591836734694,5.080078125,2.27555555555556,0.285714285714286,747.05,0.684210526315789,240,13.7316863286394,8.98607100299237,8.79904009848245,7.38778862736124,6.4696508885337,5.68020397582402,4.28028912360525,3.12058902413973,10.3125028840685,6.09336952518358,4.93309790966509,3.7059871915008,2.73504882955497,2.12970332898534,1.32587270272189,0.808877124924709,4.05813117810924,6.79073439010696,10.9176354597131,1.53296785289914,2.19940995517584,3.09732780116039,1.73618688629518,0,0.535720046497428,0,0.719079786037533,0,0.152936670787358,0,0,0,0,0.156472032273763,0.481190642423276,0,0,0,0.069245625160926,0.169378768034964,0,0,2,5,3,1,3,0,0,1321.65697530859,1626.29403957703,2453.95618190881,2632.53872223364,2124.42434061426,23.185431546942,23.0766068424642,36.0973168330237,40.651215706013,39.4492280385679,0.463200905412097,-0.162655657433678,0.0237325698990256,-0.308186322407503,0.234595336778729,1,4,NA,NA,NA,NA,NA,NA,NA,NA,NA,NA,NA,NA,NA,NA,NA,NA,NA,NA,NA,NA,NA,NA,NA,NA,NA,NA,NA,NA,NA,18.217484,36.704516,NA,NA,NA,NA,NA,NA,NA,NA,NA,NA,NA,NA,NA,NA,NA,NA,NA,NA,"DPSPPJIUMHPXMA-UHFFFAOYSA-N"
"CN1CCN(CC1)c2c(cc3c4c2OCN(n4cc(c3=O)C(=O)O)C)F",NA,NA,NA,NA,NA,NA,NA,NA,NA,NA,NA,NA,NA,NA,NA,NA,NA,11.9973912305305,19.0001363340868,-0.327997101210907,0.295631870129079,4.51479820164819,11.1668677895856,2.282,362.13903346,0,2,2.34,2,17,13,29,1,45,11,10,2.2403,5.01894409,90.0547,1,4,2,2,1,0,0,0,4,0,0,0,0.216077232140299,146,1484,51,53.4236778565382,2.05475684063609,26.7580872050569,10.5840907806596,13.5720429483184,5.85798099512757,311.659116817752,76.56,1,NA,0.5,0.1,3.06678274428592,2.78149858908326,0,5.54951179632222,15.0453400406259,0,12.0495529359676,0,0,0.944940787421155,0.479438118034884,0,0,0,0,0,0,1.55034387381884,0,0,0,0,0,0,2,0,5,0,0,2,0,0,0,1,4,2,0,0,0,0,0,0,0,0,0,0,0,3,0,1,0,1,2,1,0,1,0,0,0,0,0,0,0,0,0,0,0,0,0,0,0,0,0,0,0,0,0,0,0,0,0,0,0,0,0,0,0,0,0,0,0,0,0,0,0,0,0,19.3222354340071,7.43801652892562,3.33786848072562,0.411764705882353,1654.09,0.730769230769231,501,18.5850574797679,12.3799178531097,11.9365271403694,10.3209836100164,8.9736580971184,7.95326822708091,6.10699586611219,4.79842337661371,14.5290117662126,8.31064051466087,6.67531908008766,4.96575364675638,3.50065584578162,2.68651042209694,1.65437958438861,1.04771306224454,5.44852866775529,9.20143840064059,14.7771588183304,2.03330142056274,2.70987730983788,3.61130710850418,2.21908302128976,0,0.705009308954569,0,0.992967637587364,0,0.177006329712118,0,0,0,0,0.229610731214192,0.602441863796174,0,0,0,0.098613383251114,0.190803717404336,0,0,2,6,2,4,0,0,0,1880.73269797392,2317.47554936074,3517.21736321014,3944.09655338771,3577.60948872149,32.0398414863124,33.2640446302689,50.644417849799,59.6237720847767,61.4879920590863,0.838643488124578,-0.38625437034989,-0.0871582003301874,-0.0457659671642609,0.00249119711418299,1,7,NA,NA,NA,NA,NA,NA,NA,NA,NA,NA,NA,NA,NA,NA,NA,NA,NA,NA,NA,NA,NA,NA,NA,NA,NA,NA,NA,NA,NA,32.405933,50.754067,NA,NA,NA,NA,NA,NA,NA,NA,NA,NA,NA,NA,NA,NA,NA,NA,NA,NA,"BPFYOAJNDMUVBL-UHFFFAOYSA-N"
"CCN1C=C(C(O)=O)C(=O)C2=CC(F)=C(C=C12)N1CCNCC1",NA,NA,NA,NA,NA,NA,NA,NA,NA,NA,NA,NA,NA,NA,NA,NA,NA,11.9943327577141,18.9984071258085,-0.327724704407172,0.295558493754719,4.48707506602928,10.8264668724341,1.689,319.1332198,0,3,2.45,7,15,12,25,1,41,11,10,2.0867,4.35431689,80.3594,1,3,2,2,1,0,0,0,3,0,0,0,0.23366417337165,122,1116,41,46.7100259665348,2.03087069419717,19.9159945515963,7.42879917461022,9.89987025764615,5.64385618977472,286.932603983957,72.88,0.833333333333333,NA,0.454545454545455,0,1.75296834597771,1.56385932030167,0,7.66994878298215,15.9573979201822,0,8.85754207562422,0,0,0.944940787421155,0,0,0,0,0,0,0.436435780471985,0.25,0,0,0,0,0,0,1,0,5,0,0,3,0,0,0,1,3,2,0,0,0,0,0,1,0,0,0,0,0,1,0,1,0,1,2,0,0,1,0,0,0,0,0,0,0,0,0,0,0,0,0,0,0,0,0,0,0,0,0,0,0,0,0,0,0,0,0,0,0,0,0,0,0,0,0,0,0,0,0,17.8112,7.48611111111111,3.52,0.375,1343.07,0.695652173913043,405,16.5601134533856,11.0240758054532,10.0093608419207,8.63624382654499,7.27147814696235,6.0998150212092,4.35737137692314,3.07436075119416,12.8036865539384,7.58252234336325,5.52088345005876,4.17754191512368,2.96143345142167,2.11610597535308,1.18883503982426,0.737982803342572,4.27064710756765,6.96313230769036,10.5363355636585,1.46123548155227,2.02477943832722,2.50893054944179,1.63915007074388,0,0.581080967660079,0,0.627756559289249,0,0.133985918577913,0,0,0,0,0.202978549334173,0.378481271590907,0,0,0,0.0928724633800256,0.109577256242743,0,0,2,6,2,6,0,0,0,1566.13500746989,1878.17164268052,2717.0041528777,2957.35798165386,2572.3413669288,27.9053921494949,27.9075165083664,40.9282264989259,47.0220271597044,46.7233573177304,0.619119068888395,-0.248896666640596,-0.08133301464828,-0.153547718050308,0.282221588157754,2,6,NA,NA,NA,NA,NA,NA,NA,NA,NA,NA,NA,NA,NA,NA,NA,NA,NA,NA,NA,NA,NA,NA,NA,NA,NA,NA,NA,NA,NA,27.416726,46.425274,NA,NA,NA,NA,NA,NA,NA,NA,NA,NA,NA,NA,NA,NA,NA,NA,NA,NA,"OGJPXUAPXNRGGI-UHFFFAOYSA-N"
"CC1COC2=C3N1C=C(C(O)=O)C(=O)C3=CC(F)=C2N1CCN(C)CC1",NA,NA,NA,NA,NA,NA,NA,NA,NA,NA,NA,NA,NA,NA,NA,NA,NA,11.994313641635,18.9984077496102,-0.340618906436597,0.295574858670614,4.52526696123611,11.2506180250941,1.995,361.1437845,0,2,2.56,7,16,13,29,1,46,11,10,2.2911,5.24913921,90.3638,1,4,2,2,1,0,0,0,4,0,0,0,0.207701207162822,146,1484,51,53.4236778565382,2.05475684063609,23.4357972947711,10.5840907806596,10.2497530380326,5.85798099512757,317.958341235452,73.32,1,NA,0.5,0.1,3.06678274428592,3.363912470511,0,5.54951179632222,16.8309532527389,0,14.2488812025578,0,0,0.944940787421155,0.479438118034884,0,0,0,0,0,0,0.685006710594441,0,0,0,0,0,0,2,0,5,0,0,2,1,0,0,1,4,2,0,0,0,0,0,0,0,0,0,0,0,2,0,1,0,1,2,1,0,1,0,0,0,0,0,0,0,0,0,0,0,0,0,0,0,0,0,0,0,0,0,0,0,0,0,0,0,0,0,0,0,0,0,0,0,0,0,0,0,0,0,19.3222354340071,7.43801652892562,3.33786848072562,0.444444444444444,1751.08,0.730769230769231,501,18.5850574797679,12.3799178531097,11.9365271403694,10.3209836100164,8.9736580971184,7.95326822708091,6.1069958661122,4.79842337661371,14.6591484399023,8.59099660254472,6.96695913520831,5.19184167056234,3.68877016573505,2.86849936771757,1.79902262778216,1.15045872700832,5.44852866775529,9.2014384006406,14.7771588183304,2.15559409560788,2.89311460032125,3.92047578059305,2.21908302128976,0,0.705009308954569,0,1.05092103951614,0,0.193086271417963,0,0,0,0,0.229610731214192,0.602441863796174,0,0,0,0.102813526333872,0.203729028850695,0,0,2,6,2,6,1,0,0,1905.35253217329,2348.11419709424,3562.61846876307,3995.3034021664,3626.21322447881,31.6798611850359,32.737882395812,50.0906843635041,59.1252262852353,60.8232643263645,0.801000775555404,-0.34706159262397,-0.177506739371057,0.0212233421485262,0.1894068583899,1,6,NA,NA,NA,NA,NA,NA,NA,NA,NA,NA,NA,NA,NA,NA,NA,NA,NA,NA,NA,NA,NA,NA,NA,NA,NA,NA,NA,NA,NA,32.83914,52.08086,NA,NA,NA,NA,NA,NA,NA,NA,NA,NA,NA,NA,NA,NA,NA,NA,NA,NA,"GSDSWSVVBLHKDQ-UHFFFAOYSA-N"
"CCn1cc(c(=O)c2c1cc3c(c2)OCO3)C(=O)O",NA,NA,NA,NA,NA,NA,NA,NA,NA,NA,NA,NA,NA,NA,NA,NA,NA,11.9962066559759,15.9999987324793,-0.346488462933537,0.314410181794661,4.4825773083497,10.3631156117839,3.478,261.06372254,0,2,2.23,2,16,9,21,0,30,11,10,1.9383,3.75700689,60.801,1,3,2,1,1,0,0,1,2,0,0,0,0.297858313071766,104,629,33,38.8306358569929,2.04371767668384,17.036932051314,13.6121513732678,3.42478067804622,5.39231742277876,224.564024240839,76.07,1,NA,0.5,0,1.49389524957359,1.56385932030167,0,2.85294976568284,13.1046035904215,0,8.85754207562422,0,0,0.944940787421155,0.889682467540567,0.5,0,0,0,0,0,0,0,0,0,0,0,0,1,0,2,0,0,3,0,0,0,1,3,2,0,0,0,0,0,0,0,0,0,0,0,0,0,1,0,1,2,2,0,0,0,0,0,0,0,0,0,0,0,0,0,0,0,0,0,0,0,0,0,0,0,0,0,0,0,0,0,0,0,0,0,0,0,0,0,0,0,0,0,0,0,13.9591836734694,5.41311134235172,2.3801652892562,0.230769230769231,682.06,0.684210526315789,256,13.5685496218228,9.11339220293019,8.4211952214064,7.42805816207227,6.33482832292699,5.03627837081173,3.94404386861522,2.76206816674008,10.1736847227973,5.81596955554192,4.18568505409313,3.14561728266615,2.19379967060952,1.49980306613646,0.923773014376805,0.532640973538403,3.77826803116868,6.12174824059976,8.81991028583775,1.17268394617294,1.59202737591437,1.91472853015995,1.43403171352707,0,0.500147874384498,0,0.514700095616229,0,0.101514042002931,0,0,0,0.117851130197758,0.267583143384874,0.465643166077149,0,0,0.0294627825494395,0.0709914548145195,0.108276815151856,0,0,2,6,2,2,0,0,0,1198.93010815329,1455.69732110152,2150.19661129105,2214.45394954596,1810.88503650037,23.2323254789812,23.8231896394693,35.8704016208642,37.6498314583125,36.2536102324567,0.702413814091341,-0.376446884854721,0.113419400491132,-0.329489208009515,0.32531612658987,1,4,NA,NA,NA,NA,NA,NA,NA,NA,NA,NA,NA,NA,NA,NA,NA,NA,NA,NA,NA,NA,NA,NA,NA,NA,NA,NA,NA,NA,NA,19.753277,35.324723,NA,NA,NA,NA,NA,NA,NA,NA,NA,NA,NA,NA,NA,NA,NA,NA,NA,NA,"KYGZCKSPAKDVKC-UHFFFAOYSA-N"
"c1cc(ccc1n2cc(c(=O)c3c2cc(c(c3)F)N4CCNCC4)C(=O)O)F",NA,NA,NA,NA,NA,NA,NA,NA,NA,NA,NA,NA,NA,NA,NA,NA,NA,11.9973788899236,19.0006088689508,-0.327734148826898,0.29559614563794,4.09681485714209,11.6159458427795,5.017,385.12379798,1,3,2.78,2,21,13,31,1,45,17,16,3.491,12.187081,96.1347,1,4,3,3,2,0,0,0,4,0,0,0,0.19362605061314,152,1884,50,57.494002567952,2.05335723456972,22.6379731182213,7.44926957739684,10.0704375876793,5.95419631038688,331.01826653453,72.88,1,NA,0.5,0,0,0,0,12.8058015853359,25.5088580732429,0,11.5276456045081,0,0,0.944940787421155,0,0,0,0,0,0,0.436435780471985,0.25,0,0,0,0,0,0,0,0,4,0,0,7,0,0,0,1,5,2,0,0,0,0,0,1,0,0,0,0,0,1,0,1,0,1,2,0,0,2,0,0,0,0,0,0,0,0,0,0,0,0,0,0,0,0,0,0,0,0,0,0,0,0,0,0,0,0,0,0,0,0,0,0,0,0,0,0,0,0,0,21.2403746097815,9.01333333333333,4.39646201873049,0.2,1548.08,0.785714285714286,559,19.8361343353245,13.4523974981812,12.5248394158796,10.6917393499137,8.97306460928465,7.74972664856838,5.66847441523308,4.33311145043856,14.7839453225196,8.79314403546038,6.58128723893018,4.86502070892173,3.45006365778258,2.49978451068045,1.41012890641428,0.922961847403002,5.07985829702082,8.12444819702245,12.4372671652545,1.62804764536306,2.22830208827543,2.80528722153718,2.06390796882664,0,0.636636523215635,0,0.738548866893376,0,0.147784078701271,0,0,0,0,0.286311882667506,0.504041252445677,0,0,0,0.120650241157803,0.129156697946795,0,0,2,12,2,4,0,0,0,1970.90047330209,2392.09983373071,3503.52702953518,3857.21713672878,3546.31983815123,34.4074362885376,34.4893016198916,51.2579786551567,57.5179612491156,56.471324362436,0.669466711392754,-0.257164744760539,-0.0832839626159777,-0.16103240108724,0.213606475783615,2,6,NA,NA,NA,NA,NA,NA,NA,NA,NA,NA,NA,NA,NA,NA,NA,NA,NA,NA,NA,NA,NA,NA,NA,NA,NA,NA,NA,NA,NA,27.526519,53.355481,NA,NA,NA,NA,NA,NA,NA,NA,NA,NA,NA,NA,NA,NA,NA,NA,NA,NA,"XBHBWNFJWIASRO-UHFFFAOYSA-N"
"Cc1nnc(s1)SCC2=C(N3[C@@H]([C@@H](C3=O)NC(=O)Cn4cnnn4)SC2)C(=O)O",NA,NA,NA,NA,NA,NA,NA,NA,NA,NA,NA,NA,NA,NA,NA,NA,NA,11.9961957926237,31.9740751968866,-0.345673456448596,0.320959215564067,5.00050366991526,12.5444568680071,0.279,454.03001404,1,8,1.35,4,8,17,32,0,43,10,10,-0.785799999999999,0.617481639999999,112.6948,3,4,2,3,2,0,1,2,1,0,0,0,0.517432752759166,156,2468,41,59.0970868454576,2.03783058087785,44.143108253975,10.0269683235697,24.8727958939186,6,337.044799693712,234.93,1,NA,0.5,0,0.440082731374473,1.5047025019664,0,1.20342597483536,8.44731302727599,0,10.1052149539294,0,0,1.19526605689753,0,0,0,0,0,2.70461691737753,2.57346566967978,0.166666666666667,0,0,0,0,0,0,1,0,3,0,0,1,2,0,0,5,2,0,0,0,0,0,0,1,0,0,0,0,5,1,0,1,0,1,3,0,0,0,0,0,0,0,0,0,0,0,0,0,0,2,1,0,0,0,0,0,0,0,0,0,0,0,0,0,0,0,0,0,0,0,0,0,0,0,0,0,0,0,0,22.203125,9.64650283553875,4.92403746097815,0.428571428571429,1304.15,0.793103448275862,756,20.543241116511,13.9355607457755,13.0116319848053,10.5902702017797,9.17769414693191,6.74497896888987,4.52225580534267,3.51838942695076,17.3300594006945,11.1188495298496,9.60447718550421,7.53864606694829,6.12490318344178,4.55333114893058,3.13989789579149,2.36252770465084,4.6497434932859,7.64700115283847,10.2679231439288,2.76159372390326,4.13586793929442,4.95923490293789,2.1724363985815,0,0.447337630463708,0,1.37279703228994,0,0.176010611479578,0,0,0.111111111111111,0.594584678779911,0.901354910549388,1.18176227082357,0,0.074535599249993,0.280582977477194,0.506538119827445,0.646407946007908,0,0,4,1,1,5,1,0,0,2390.53839087141,2858.63821565733,3870.99501243223,3706.99307774274,3506.32227116432,53.3609776677256,46.4488196727585,71.7107811141301,62.6729473826605,69.2049007607123,0.808468339545654,-0.392913166287939,-0.0280715563779309,0.327370201104373,-0.497680508174771,2,11,NA,NA,NA,NA,NA,NA,NA,NA,NA,NA,NA,NA,NA,NA,NA,NA,NA,NA,NA,NA,NA,NA,NA,NA,NA,NA,NA,NA,NA,30.958898,54.683102,NA,NA,NA,NA,NA,NA,NA,NA,NA,NA,NA,NA,NA,NA,NA,NA,NA,NA,"MLYYVTUWGNIJIB-BXKDBHETSA-N"
"CC1=C(N2[C@@H]([C@@H](C2=O)NC(=O)[C@@H](c3ccccc3)N)SC1)C(=O)O",NA,NA,NA,NA,NA,NA,NA,NA,NA,NA,NA,NA,NA,NA,NA,NA,NA,11.9961778418637,31.9720722205405,-0.345682467037934,0.320888264521003,4.6986894806257,11.7979581917234,-2.192,347.09397716,0,5,2.34,4,8,13,26,1,41,6,6,0.3025,0.0915062500000003,88.1786,1,3,1,2,1,0,1,0,2,0,0,0,0.39767327894708,128,1383,39,48.3196171830991,2.01331738262913,22.1453616357469,9.97360238698418,9.08376488069803,5.70043971814109,305.527837191012,138.03,1,NA,0.5,0,0.737312870587611,2.27016151387806,0,5.22263201574578,11.0120431880979,0,11.8248191028608,0,0,1.19526605689753,0,0,0,0.333333333333333,0.166666666666667,0,0.333333333333333,0,0,0,0,0,0,0,1,0,1,0,0,5,3,0,0,5,1,0,0,0,1,0,0,1,0,0,0,0,0,1,0,0,0,1,3,0,0,0,0,0,0,0,0,0,0,0,0,0,0,1,0,0,0,0,0,0,0,0,0,0,0,0,0,0,0,0,0,0,0,0,0,0,0,0,0,0,0,0,0,18.7810650887574,7.70914127423823,3.61836952652189,0.3125,1297.08,0.708333333333333,484,17.4303569413886,11.4135913579209,10.6103706023963,9.08837095125339,7.42319391250887,5.82171753010358,3.66956721305248,2.6014073883725,13.7471761376763,8.45012810182603,6.82350310272527,5.52455234403631,4.04834236710436,2.95713781845491,1.77720017564556,1.09918818647823,4.78295049245757,7.46142623189444,10.6088065444468,2.21944935059201,3.09197309637876,3.92684699808949,1.85069244944891,0,0.702657303392883,0,0.899967753764697,0,0.232376355726708,0,0,0.111111111111111,0.332395981284747,0.700170447018296,1.06073723996305,0,0.074535599249993,0.19625172314003,0.386045959594291,0.548141591864108,0,0,3,6,2,3,2,0,0,1752.67685720855,2102.54917307479,2845.44738617798,2898.93176531989,2476.43364505833,34.3055700844432,31.6650299167189,45.9922412837761,51.8800794041981,49.2068049831902,0.659538294316474,-0.323156428767401,-0.080457770505162,0.351900253389765,-0.426619688385154,3,7,NA,NA,NA,NA,NA,NA,NA,NA,NA,NA,NA,NA,NA,NA,NA,NA,NA,NA,NA,NA,NA,NA,NA,NA,NA,NA,NA,NA,NA,25.718519,48.903481,NA,NA,NA,NA,NA,NA,NA,NA,NA,NA,NA,NA,NA,NA,NA,NA,NA,NA,"ZAIPMKNFIOOWCQ-UEKVPHQBSA-N"
"O=C2N1/C(=C(\CS[C@@H]1[C@@H]2NC(=O)[C@H](c3ccc(O)cc3)NC(=O)N4C(=O)C(=O)N(CC)CC4)CSc5nnnn5C)C(=O)O",NA,NA,NA,NA,NA,NA,NA,NA,NA,NA,NA,NA,NA,NA,NA,NA,NA,11.9961291266155,31.9730755177189,-0.360587736155331,0.321177364188874,4.84771975740505,12.3266284382713,-0.379,645.14240104,1,12,2.12,4,9,21,48,0,71,11,11,-0.257699999999998,0.0664092899999991,157.9308,3,5,2,4,2,0,1,1,3,0,0,0,0.419845292393371,236,7383,75,89.2037141662123,2.02735714014119,55.0792523308974,20.227943619732,28.6190012704456,6.58496250072116,532.046980027057,270.86,1,NA,0.5,0.05,1.9812021221396,3.01399528328383,0,6.15729726761641,22.6050195822902,0,18.774692413885,0,0,3.58512408836726,0,0,0,0,0,1.97721469226603,3.09746631926929,0.705931499938116,0,0,0,0,0,0,2,0,5,0,0,4,3,0,0,8,3,0,0,0,0,0,0,2,0,0,0,0,3,3,0,1,0,2,6,0,0,0,0,0,0,0,0,0,0,0,0,0,0,2,0,0,0,0,0,0,0,0,0,0,0,0,0,0,0,0,0,0,0,0,0,0,0,0,0,0,0,0,0,35.3107638888889,15.48,7.68668296312042,0.4,3733.19,0.727272727272727,1451,31.706013344398,21.0101468084455,19.4061359921388,16.9626795404413,13.7858048284996,10.5860117204339,7.270424186576,5.58131394568688,25.0008876353261,15.3051216326167,11.8902593771855,9.63298379087832,7.12494595439691,5.0958046598078,3.45583655883347,2.4576853697822,8.6088776556412,13.2902011332,18.2631542230247,3.63247088010821,5.00486328064171,5.87501877226428,3.33968546114502,0,1.11158380824321,0,1.46182757492807,0,0.33300048750216,0,0,0.111111111111111,0.450247111482505,0.938181726822311,1.43086652271147,0,0.074535599249993,0.21625172314003,0.451243619844921,0.628657698673935,0,0,5,6,2,7,2,0,0,3340.27260931838,4010.03076301561,5573.52509665667,5947.65194785171,5610.18850160775,65.6910810727159,61.074728469989,90.2005279977196,103.509819417308,101.926742143266,1.37546953859141,-0.788582690406562,0.127649246182322,0.41944788872644,-0.805961302059705,4,15,NA,NA,NA,NA,NA,NA,NA,NA,NA,NA,NA,NA,NA,NA,NA,NA,NA,NA,NA,NA,NA,NA,NA,NA,NA,NA,NA,NA,NA,49.064589,84.119411,NA,NA,NA,NA,NA,NA,NA,NA,NA,NA,NA,NA,NA,NA,NA,NA,NA,NA,"GCFBRXLSHGKWDP-WJONJSRFSA-N"
"CO/N=C(/c1csc(n1)N)\C(=O)N[C@H]2[C@@H]3N(C2=O)C(=C(CS3)CSC(=O)c4ccco4)C(=O)O",NA,NA,NA,NA,NA,NA,NA,NA,NA,NA,NA,NA,NA,NA,NA,NA,NA,11.9961570680411,31.9740760127404,-0.345708884549804,0.321009988617129,4.67832536595951,12.2785278866842,-2.103,523.02901102,0,10,1.9,4,12,18,37,0,51,10,10,0.586599999999999,0.344099559999999,127.3656,1,4,2,3,2,0,1,2,1,0,0,0,0.48995370161255,180,3753,52,68.7689843020653,2.02261718535486,42.5791139110258,18.3422519021763,15.0773080315846,6.20945336562895,411.632204898629,256.26,0.888888888888889,NA,0.470588235294118,0,0.539090708364965,1.71399718011141,0,3.00587374376403,12.974588942816,0,15.5490806243727,0,0,1.64482662185323,1.29484374509912,0.0714285714285714,0,0.766309432393553,0.111111111111111,0.90856029641607,0.598408480588576,0,0,0,0,0,0,0,1,0,2,0,0,4,2,0,0,7,3,0,0,0,1,0,0,1,0,0,0,1,1,1,0,0,0,1,4,1,1,0,0,0,0,0,0,0,0,0,0,0,0,2,1,0,0,0,0,0,0,0,0,0,0,0,0,0,0,0,0,0,0,0,0,0,0,0,0,0,0,0,0,27.0460189919649,12.0299038803845,5.95683993244511,0.263157894736842,1794.15,0.705882352941177,946,24.4050484360768,16.3117695056879,14.8659640255912,12.4912681727704,10.5661757705534,7.86565480178141,5.39329078805581,3.97784709407924,19.8682441856583,12.4684768345953,9.80795317566694,7.76817904974928,6.06560195316113,4.31263098265531,2.94049019911726,2.07822728514125,5.91154517434304,9.45292635528663,12.9479866215758,2.68685878066208,3.98666992329886,4.83575487226845,2.41633359113514,0,0.729455187270381,0,1.12322902146048,0,0.231318037373449,0,0,0.111111111111111,0.594584678779911,0.867334219677399,1.27238844505602,0,0.074535599249993,0.314592374710159,0.45878481688314,0.598689457688597,0,0,6,6,1,3,1,0,0,2707.80567935127,3239.07327753955,4431.07098016099,4445.70977690834,4347.00548213399,59.604443870519,51.724546040069,75.3038928776122,76.9108007857709,89.1976294852636,1.14915010036585,-0.53758041381847,-0.167394439046578,0.354252792427531,-0.168504659006719,3,9,NA,NA,NA,NA,NA,NA,NA,NA,NA,NA,NA,NA,NA,NA,NA,NA,NA,NA,NA,NA,NA,NA,NA,NA,NA,NA,NA,NA,NA,36.388519,64.589481,NA,NA,NA,NA,NA,NA,NA,NA,NA,NA,NA,NA,NA,NA,NA,NA,NA,NA,"ZBHXIWJRIFEVQY-IHMPYVIRSA-N"
"CC[C@@H]1[C@@]([C@@H]([C@H](N(C[C@@H](C[C@@]([C@@H]([C@H]([C@@H]([C@H](C(=O)O1)C)O[C@H]2C[C@@]([C@H]([C@@H](O2)C)O)(C)OC)C)O[C@H]3[C@@H]([C@H](C[C@H](O3)C)N(C)C)O)(C)O)C)C)C)O)(C)O",NA,NA,NA,NA,NA,NA,NA,NA,NA,NA,NA,NA,NA,NA,NA,NA,NA,11.9960969481077,16.0064284985818,-0.407449666126587,0.267485378386669,5.27921217919896,12.1740625008393,1.888,748.508526319999,1,7,4.1,9,3,15,54,2,124,0,0,-2.5265,6.38320225000002,188.5654,0,2,0,3,0,0,0,0,2,0,0,0,0.240585101796172,274,9356,101,101.95633593518,1.96069876798424,39.2953244926457,33.0966494421671,6.19867505047857,6.75488750216347,753.574280503602,180.08,0.75,NA,0.428571428571429,10.759210774734,10.5616857896984,35.9687742742318,6.90099816169796,1.39212311143287,15.2468680061675,2.99346716942696,24.5016187931732,9.9620222867317,0.394132025197303,1.81061486795207,5.62199383418303,2.88673509412408,0,0,0,0,0,0.1,0,0,0,0,0,0,14,0,5,0,0,0,15,0,0,1,0,0,3,0,0,0,0,0,0,0,0,0,0,2,0,0,0,5,1,6,0,0,0,0,0,0,0,0,0,0,0,0,0,0,0,0,0,0,0,0,0,0,0,0,0,0,0,0,0,0,0,0,0,0,0,0,0,0,0,0,0,0,0,46.3827160493827,18.5077660037741,10.6996244213468,0.973684210526316,13224.14,0.557692307692308,1229,39.6704794384653,23.9086820432163,23.941204493009,19.6342284559583,14.8072348687507,10.412645514206,6.9190764441001,4.96897797426243,34.1840211455239,19.1425315930732,17.1651125229863,12.2075859845873,8.73662244592128,5.14006361231414,3.14704345792283,1.98623243889138,14.1993780113491,21.5006930196174,29.5160596588552,7.22370725932928,10.1203648511291,11.7033220066747,6.38981538826819,0.515128379196005,2.29596753348488,0.346225044864938,3.91425583834636,0.249156025500854,0.875064676656055,0.0837947314097778,0,0,0,0.103668077988024,0.394848785173393,0,0,0,0.059852792732757,0.164516966516295,0,0,1,0,0,13,14,6,0,3904.55391995148,4601.74253165271,6689.11694743548,7787.42527149689,8291.55666324692,62.0135890290443,60.9747471874688,96.4491680636345,120.646519262727,126.92723791394,1.7282550115611,-0.785134450850523,-0.309680029116015,0.0298636570565302,0.536271681506473,5,14,NA,NA,NA,NA,NA,NA,NA,NA,NA,NA,NA,NA,NA,NA,NA,NA,NA,NA,NA,NA,NA,NA,NA,NA,NA,NA,NA,NA,NA,95.124904,126.713096,NA,NA,NA,NA,NA,NA,NA,NA,NA,NA,NA,NA,NA,NA,NA,NA,NA,NA,"MQTOSJVFKKJCRP-BICOPXKESA-N"
"CC[C@H]1OC(=O)[C@H](C)[C@@H](O[C@H]2C[C@@](C)(OC)[C@@H](O)[C@H](C)O2)C(C)[C@@H](O[C@@H]2O[C@H](C)C[C@@H]([C@H]2O)N(C)C)[C@](C)(O)C[C@@H](C)CN(C)[C@H](C)[C@@H](O)[C@]1(C)O",NA,NA,NA,NA,NA,NA,NA,NA,NA,NA,NA,NA,NA,NA,NA,NA,NA,11.9960969481077,16.0064284985818,-0.407449666126587,0.26748537838667,5.27921217919896,12.1740625008393,1.888,748.508526319999,1,7,4.1,9,3,15,54,2,124,0,0,-2.5265,6.38320225000002,188.5654,0,2,0,3,0,0,0,0,2,0,0,0,0.240585101796172,274,9356,101,101.95633593518,1.96069876798424,39.2953244926457,33.0966494421671,6.19867505047857,6.75488750216347,753.574280503602,180.08,0.75,NA,0.428571428571429,10.759210774734,10.5616857896984,35.9687742742318,6.90099816169796,1.39212311143287,15.2468680061675,2.99346716942696,24.5016187931732,9.9620222867317,0.394132025197303,1.81061486795207,5.62199383418303,2.88673509412408,0,0,0,0,0,0.1,0,0,0,0,0,0,14,0,5,0,0,0,15,0,0,1,0,0,3,0,0,0,0,0,0,0,0,0,0,2,0,0,0,5,1,6,0,0,0,0,0,0,0,0,0,0,0,0,0,0,0,0,0,0,0,0,0,0,0,0,0,0,0,0,0,0,0,0,0,0,0,0,0,0,0,0,0,0,0,46.3827160493827,18.5077660037741,10.6996244213468,0.973684210526316,13224.14,0.557692307692308,1229,39.6704794384653,23.9086820432163,23.941204493009,19.6342284559583,14.8072348687507,10.4126455142061,6.91907644410011,4.96897797426242,34.1840211455239,19.1425315930732,17.1651125229863,12.2075859845873,8.73662244592128,5.14006361231414,3.14704345792282,1.98623243889138,14.1993780113491,21.5006930196174,29.5160596588552,7.22370725932928,10.1203648511291,11.7033220066747,6.38981538826819,0.515128379196005,2.29596753348488,0.346225044864938,3.91425583834636,0.249156025500854,0.875064676656055,0.0837947314097778,0,0,0,0.103668077988024,0.394848785173393,0,0,0,0.059852792732757,0.164516966516295,0,0,1,0,0,13,14,6,0,3904.55391995148,4601.74253165271,6689.11694743548,7787.42527149689,8291.55666324693,62.0135890290443,60.9747471874688,96.4491680636345,120.646519262727,126.92723791394,1.7282550115611,-0.785134450850523,-0.309680029116015,0.0298636570565302,0.536271681506474,5,14,NA,NA,NA,NA,NA,NA,NA,NA,NA,NA,NA,NA,NA,NA,NA,NA,NA,NA,NA,NA,NA,NA,NA,NA,NA,NA,NA,NA,NA,95.124904,126.713096,NA,NA,NA,NA,NA,NA,NA,NA,NA,NA,NA,NA,NA,NA,NA,NA,NA,NA,"MQTOSJVFKKJCRP-OHJWJPDZSA-N"
"CC[C@@H]1[C@@]([C@@H]([C@H](C(=O)[C@@H](C[C@@]([C@@H]([C@H]([C@@H]([C@H](C(=O)O1)C)O[C@H]2C[C@@]([C@H]([C@@H](O2)C)O)(C)OC)C)O[C@H]3[C@@H]([C@H](C[C@H](O3)C)N(C)C)O)(C)OC)C)C)O)(C)O",NA,NA,NA,NA,NA,NA,NA,NA,NA,NA,NA,NA,NA,NA,NA,NA,NA,11.9960969493233,16.0074015293266,-0.407775289473341,0.26718908625734,5.28004941379449,12.4803839176424,1.66,747.476891819999,1,8,4.1,15,3,15,54,1,121,0,0,-2.0536,4.21727295999999,186.232,0,2,0,3,0,0,0,0,2,0,0,0,0.244703216917703,274,9201,104,101.971158446499,1.96098381627883,38.9071047039795,35.8797085652148,3.02739613876474,6.75488750216347,748.731288295197,182.91,0.75,NA,0.428571428571429,11.0098853458756,8.45426173640188,38.9843579691629,7.09130363904442,0.722032962973698,13.1846688630394,2.42185890232039,28.2589045636606,10.7617067242036,0.414913266683122,1.88031401244713,6.188167765165,3.94277437451023,0,0,0,0,0,0,0,0,0,0,0,0,14,0,4,0,0,0,15,0,0,2,0,0,3,0,0,0,0,0,0,0,0,0,0,1,0,0,0,4,2,7,0,0,0,0,0,0,0,0,0,0,0,0,0,0,0,0,0,0,0,0,0,0,0,0,0,0,0,0,0,0,0,0,0,0,0,0,0,0,0,0,0,0,0,46.3827160493827,18.5077660037741,10.1239669421488,0.947368421052632,12477.14,0.538461538461538,1218,39.6704794384653,23.9861789674017,23.4784496747179,20.3022215353044,14.6736611019704,10.7631821143328,7.03938446809086,5.03147454953028,33.8989837542651,18.8828831037128,16.6314708527238,12.2688257995375,8.58499524787459,5.15843821730823,3.17412186489033,1.95604781356716,14.7615086806935,21.8637593677085,30.527123759639,7.32538956458659,10.2017329598967,11.775822202311,6.04569938551257,0.45534180126148,2.34815307949711,0.321817276630483,3.69978912308805,0.24120226591666,0.856460147799791,0.0819200122971407,0,0,0,0.103668077988024,0.394848785173393,0,0,0,0.059852792732757,0.164516966516295,0,0,1,1,0,12,13,7,0,3897.981842091,4621.11943890077,6773.51798396438,8039.38765718417,8554.45849542906,62.4280777633088,61.1403853421926,96.6148062183583,124.254971751782,129.64597548427,1.85082778570011,-0.815670763326853,-0.269651468941838,-0.0115778430302531,0.437030552177328,4,14,NA,NA,NA,NA,NA,NA,NA,NA,NA,NA,NA,NA,NA,NA,NA,NA,NA,NA,NA,NA,NA,NA,NA,NA,NA,NA,NA,NA,NA,92.739283,124.414717,NA,NA,NA,NA,NA,NA,NA,NA,NA,NA,NA,NA,NA,NA,NA,NA,NA,NA,"AGOYDEPGAOXOCK-KCBOHYOISA-N"
"CC[C@@H]1[C@@]([C@@H]([C@H](C(=O)[C@@H](C[C@@]([C@@H]([C@H]([C@@H]([C@H](C(=O)O1)C)O[C@H]2C[C@@]([C@H]([C@@H](O2)C)O)(C)OC)C)O[C@H]3[C@@H]([C@H](C[C@H](O3)C)N(C)C)O)(C)O)C)C)O)(C)O",NA,NA,NA,NA,NA,NA,NA,NA,NA,NA,NA,NA,NA,NA,NA,NA,NA,11.9960986776924,16.007398226334,-0.407780301313969,0.267182097468122,5.27882223970282,12.1660109915373,1.141,733.461241739999,1,7,3.99,15,3,15,53,1,118,0,0,-2.4621,6.06193641,181.4808,0,2,0,3,0,0,0,0,2,0,0,0,0.264376614557008,270,8842,101,99.9572275091811,1.95994563743492,38.6130979251253,35.5859324451868,3.02716547993844,6.7279204545632,731.43530366933,193.91,0.75,NA,0.428571428571429,9.29589298556843,7.84998679899285,36.1582623385555,6.5231770179494,0.722032962973698,13.1846688630394,2.42185890232039,28.2589045636606,10.7617067242036,0.414913266683122,2.73265614219763,6.37791788845315,2.88673509412408,0,0,0,0,0,0,0,0,0,0,0,0,13,0,4,0,0,0,15,0,0,2,0,0,3,0,0,0,0,0,0,0,0,0,0,1,0,0,0,5,2,6,0,0,0,0,0,0,0,0,0,0,0,0,0,0,0,0,0,0,0,0,0,0,0,0,0,0,0,0,0,0,0,0,0,0,0,0,0,0,0,0,0,0,0,45.3898184407262,17.8539559785842,10.0620141497074,0.945945945945946,11850.14,0.549019607843137,1197,38.9633726572787,23.4255187956219,23.4594472734875,19.6629326918172,14.4729562084311,10.40126935695,6.82763803920653,4.844334698277,32.9379490593012,18.494117465767,16.4718539903967,11.8215530391376,8.41033355866712,4.90856346695991,3.07690529951203,1.85705599027697,14.4772645457768,21.5926806062712,30.1582634426577,7.01399018850706,9.8321169254789,11.2429241970222,6.29359034340325,0.515128379196005,2.40707864459599,0.346225044864938,3.73276751305908,0.249156025500854,0.86098612010716,0.0837947314097778,0,0,0,0.103668077988024,0.394848785173393,0,0,0,0.059852792732757,0.164516966516295,0,0,1,1,0,12,13,7,0,3784.4605730706,4481.3609065308,6556.99129720472,7689.09982283518,8156.95283708887,61.4280777633088,59.80829336506,95.6148062183583,121.254971751782,126.313883507138,1.75609137093566,-0.738111336366246,-0.268426853909786,-0.0602309763240385,0.534467213952885,5,14,NA,NA,NA,NA,NA,NA,NA,NA,NA,NA,NA,NA,NA,NA,NA,NA,NA,NA,NA,NA,NA,NA,NA,NA,NA,NA,NA,NA,NA,88.636869,121.321131,NA,NA,NA,NA,NA,NA,NA,NA,NA,NA,NA,NA,NA,NA,NA,NA,NA,NA,"ULGZDMOVFRHVEP-RWJQBGPGSA-N"
